rxn_smiles,R,P,rxn_type
[CH2]C(OC)OO>>COC1CO1.[OH],[CH2]C(OC)OO,COC1CO1.[OH],cyc_3mem
CO[CH]COO>>COC1CO1.[OH],CO[CH]COO,COC1CO1.[OH],cyc_3mem
[CH2]C(C)(OC)OO>>COC1(C)CO1.[OH],[CH2]C(C)(OC)OO,COC1(C)CO1.[OH],cyc_3mem
CO[C](C)COO>>COC1(C)CO1.[OH],CO[C](C)COO,COC1(C)CO1.[OH],cyc_3mem
C[CH]C(OC)OO>>COC1OC1C.[OH],C[CH]C(OC)OO,COC1OC1C.[OH],cyc_3mem
CO[CH]C(C)OO>>COC1OC1C.[OH],CO[CH]C(C)OO,COC1OC1C.[OH],cyc_3mem
[CH2]C(COC)OO>>COCC1CO1.[OH],[CH2]C(COC)OO,COCC1CO1.[OH],cyc_3mem
C[CH]C(C)(OC)OO>>COC1(C)OC1C.[OH],C[CH]C(C)(OC)OO,COC1(C)OC1C.[OH],cyc_3mem
[CH2]C(CC)(OC)OO>>CCC1(OC)CO1.[OH],[CH2]C(CC)(OC)OO,CCC1(OC)CO1.[OH],cyc_3mem
COC(OO)[C](C)C>>COC1OC1(C)C.[OH],COC(OO)[C](C)C,COC1OC1(C)C.[OH],cyc_3mem
[CH2]C(OO)C(C)OC>>COC(C)C1CO1.[OH],[CH2]C(OO)C(C)OC,COC(C)C1CO1.[OH],cyc_3mem
CO[C](C)C(C)OO>>COC1(C)OC1C.[OH],CO[C](C)C(C)OO,COC1(C)OC1C.[OH],cyc_3mem
CO[CH]C(C)(C)OO>>COC1OC1(C)C.[OH],CO[CH]C(C)(C)OO,COC1OC1(C)C.[OH],cyc_3mem
[CH2]C(C)(COC)OO>>COCC1(C)CO1.[OH],[CH2]C(C)(COC)OO,COCC1(C)CO1.[OH],cyc_3mem
[CH2]C(OC)(OO)C(C)C>>COC1(C(C)C)CO1.[OH],[CH2]C(OC)(OO)C(C)C,COC1(C(C)C)CO1.[OH],cyc_3mem
COC(C)(OO)[C](C)C>>COC1(C)OC1(C)C.[OH],COC(C)(OO)[C](C)C,COC1(C)OC1(C)C.[OH],cyc_3mem
CO[C](C)C(C)(C)OO>>COC1(C)OC1(C)C.[OH],CO[C](C)C(C)(C)OO,COC1(C)OC1(C)C.[OH],cyc_3mem
[CH2]C(C)(OO)C(C)OC>>COC(C)C1(C)CO1.[OH],[CH2]C(C)(OO)C(C)OC,COC(C)C1(C)CO1.[OH],cyc_3mem
[CH2]C(OC)OO>>COC1CO1.[OH],[CH2]C(OC)OO,COC1CO1.[OH],cyc_4mem
CO[CH]COO>>COC1CO1.[OH],CO[CH]COO,COC1CO1.[OH],cyc_4mem
[CH2]C(C)(OC)OO>>COC1(C)CO1.[OH],[CH2]C(C)(OC)OO,COC1(C)CO1.[OH],cyc_4mem
CO[C](C)COO>>COC1(C)CO1.[OH],CO[C](C)COO,COC1(C)CO1.[OH],cyc_4mem
C[CH]C(OC)OO>>COC1OC1C.[OH],C[CH]C(OC)OO,COC1OC1C.[OH],cyc_4mem
CO[CH]C(C)OO>>COC1OC1C.[OH],CO[CH]C(C)OO,COC1OC1C.[OH],cyc_4mem
[CH2]C(COC)OO>>COCC1CO1.[OH],[CH2]C(COC)OO,COCC1CO1.[OH],cyc_4mem
C[CH]C(C)(OC)OO>>COC1(C)OC1C.[OH],C[CH]C(C)(OC)OO,COC1(C)OC1C.[OH],cyc_4mem
[CH2]C(CC)(OC)OO>>CCC1(OC)CO1.[OH],[CH2]C(CC)(OC)OO,CCC1(OC)CO1.[OH],cyc_4mem
COC(OO)[C](C)C>>COC1OC1(C)C.[OH],COC(OO)[C](C)C,COC1OC1(C)C.[OH],cyc_4mem
[CH2]C(OO)C(C)OC>>COC(C)C1CO1.[OH],[CH2]C(OO)C(C)OC,COC(C)C1CO1.[OH],cyc_4mem
CO[C](C)C(C)OO>>COC1(C)OC1C.[OH],CO[C](C)C(C)OO,COC1(C)OC1C.[OH],cyc_4mem
CO[CH]C(C)(C)OO>>COC1OC1(C)C.[OH],CO[CH]C(C)(C)OO,COC1OC1(C)C.[OH],cyc_4mem
[CH2]C(C)(COC)OO>>COCC1(C)CO1.[OH],[CH2]C(C)(COC)OO,COCC1(C)CO1.[OH],cyc_4mem
[CH2]C(OC)(OO)C(C)C>>COC1(C(C)C)CO1.[OH],[CH2]C(OC)(OO)C(C)C,COC1(C(C)C)CO1.[OH],cyc_4mem
COC(C)(OO)[C](C)C>>COC1(C)OC1(C)C.[OH],COC(C)(OO)[C](C)C,COC1(C)OC1(C)C.[OH],cyc_4mem
CO[C](C)C(C)(C)OO>>COC1(C)OC1(C)C.[OH],CO[C](C)C(C)(C)OO,COC1(C)OC1(C)C.[OH],cyc_4mem
[CH2]C(C)(OO)C(C)OC>>COC(C)C1(C)CO1.[OH],[CH2]C(C)(OO)C(C)OC,COC(C)C1(C)CO1.[OH],cyc_4mem
[CH2]OCOO>>C1OCO1.[OH],[CH2]OCOO,C1OCO1.[OH],cyc_4mem
C[CH]OCOO>>CC1OCO1.[OH],C[CH]OCOO,CC1OCO1.[OH],cyc_4mem
[CH2]OC(C)OO>>CC1OCO1.[OH],[CH2]OC(C)OO,CC1OCO1.[OH],cyc_4mem
C[C](C)OCOO>>CC1(C)OCO1.[OH],C[C](C)OCOO,CC1(C)OCO1.[OH],cyc_4mem
[CH2]OC(C)(C)OO>>CC1(C)OCO1.[OH],[CH2]OC(C)(C)OO,CC1(C)OCO1.[OH],cyc_4mem
C[CH]OC(C)OO>>CC1OC(C)O1.[OH],C[CH]OC(C)OO,CC1OC(C)O1.[OH],cyc_4mem
C[C](C)OC(C)OO>>CC1OC(C)(C)O1.[OH],C[C](C)OC(C)OO,CC1OC(C)(C)O1.[OH],cyc_4mem
C[CH]OC(C)(C)OO>>CC1OC(C)(C)O1.[OH],C[CH]OC(C)(C)OO,CC1OC(C)(C)O1.[OH],cyc_4mem
C[C](C)OC(C)(C)OO>>CC1(C)OC(C)(C)O1.[OH],C[C](C)OC(C)(C)OO,CC1(C)OC(C)(C)O1.[OH],cyc_4mem
CO[CH]CCOO>>COC1CCO1.[OH],CO[CH]CCOO,COC1CCO1.[OH],cyc_4mem
CO[C](C)CCOO>>COC1(C)CCO1.[OH],CO[C](C)CCOO,COC1(C)CCO1.[OH],cyc_4mem
CO[CH]CC(C)OO>>COC1CC(C)O1.[OH],CO[CH]CC(C)OO,COC1CC(C)O1.[OH],cyc_4mem
CO[C](C)CC(C)OO>>COC1(C)CC(C)O1.[OH],CO[C](C)CC(C)OO,COC1(C)CC(C)O1.[OH],cyc_4mem
CO[CH]CC(C)(C)OO>>COC1CC(C)(C)O1.[OH],CO[CH]CC(C)(C)OO,COC1CC(C)(C)O1.[OH],cyc_4mem
CO[C](C)CC(C)(C)OO>>COC1(C)CC(C)(C)O1.[OH],CO[C](C)CC(C)(C)OO,COC1(C)CC(C)(C)O1.[OH],cyc_4mem
[CH2]CC(OC)OO>>COC1CCO1.[OH],[CH2]CC(OC)OO,COC1CCO1.[OH],cyc_4mem
C[CH]CC(OC)OO>>COC1CC(C)O1.[OH],C[CH]CC(OC)OO,COC1CC(C)O1.[OH],cyc_4mem
[CH2]C[C@](C)(OC)OO>>CO[C@@]1(C)CCO1.[OH],[CH2]C[C@](C)(OC)OO,CO[C@@]1(C)CCO1.[OH],cyc_4mem
C[CH]CC(C)(OC)OO>>COC1(C)CC(C)O1.[OH],C[CH]CC(C)(OC)OO,COC1(C)CC(C)O1.[OH],cyc_4mem
COC(C[C](C)C)OO>>COC1CC(C)(C)O1.[OH],COC(C[C](C)C)OO,COC1CC(C)(C)O1.[OH],cyc_4mem
COC(C)(C[C](C)C)OO>>COC1(C)CC(C)(C)O1.[OH],COC(C)(C[C](C)C)OO,COC1(C)CC(C)(C)O1.[OH],cyc_4mem
[CH2]C(OC)OO>>COC1CO1.[OH],[CH2]C(OC)OO,COC1CO1.[OH],cyc_5mem
CO[CH]COO>>COC1CO1.[OH],CO[CH]COO,COC1CO1.[OH],cyc_5mem
[CH2]C(C)(OC)OO>>COC1(C)CO1.[OH],[CH2]C(C)(OC)OO,COC1(C)CO1.[OH],cyc_5mem
CO[C](C)COO>>COC1(C)CO1.[OH],CO[C](C)COO,COC1(C)CO1.[OH],cyc_5mem
C[CH]C(OC)OO>>COC1OC1C.[OH],C[CH]C(OC)OO,COC1OC1C.[OH],cyc_5mem
CO[CH]C(C)OO>>COC1OC1C.[OH],CO[CH]C(C)OO,COC1OC1C.[OH],cyc_5mem
[CH2]C(COC)OO>>COCC1CO1.[OH],[CH2]C(COC)OO,COCC1CO1.[OH],cyc_5mem
C[CH]C(C)(OC)OO>>COC1(C)OC1C.[OH],C[CH]C(C)(OC)OO,COC1(C)OC1C.[OH],cyc_5mem
[CH2]C(CC)(OC)OO>>CCC1(OC)CO1.[OH],[CH2]C(CC)(OC)OO,CCC1(OC)CO1.[OH],cyc_5mem
COC(OO)[C](C)C>>COC1OC1(C)C.[OH],COC(OO)[C](C)C,COC1OC1(C)C.[OH],cyc_5mem
[CH2]C(OO)C(C)OC>>COC(C)C1CO1.[OH],[CH2]C(OO)C(C)OC,COC(C)C1CO1.[OH],cyc_5mem
CO[C](C)C(C)OO>>COC1(C)OC1C.[OH],CO[C](C)C(C)OO,COC1(C)OC1C.[OH],cyc_5mem
CO[CH]C(C)(C)OO>>COC1OC1(C)C.[OH],CO[CH]C(C)(C)OO,COC1OC1(C)C.[OH],cyc_5mem
[CH2]C(C)(COC)OO>>COCC1(C)CO1.[OH],[CH2]C(C)(COC)OO,COCC1(C)CO1.[OH],cyc_5mem
[CH2]C(OC)(OO)C(C)C>>COC1(C(C)C)CO1.[OH],[CH2]C(OC)(OO)C(C)C,COC1(C(C)C)CO1.[OH],cyc_5mem
COC(C)(OO)[C](C)C>>COC1(C)OC1(C)C.[OH],COC(C)(OO)[C](C)C,COC1(C)OC1(C)C.[OH],cyc_5mem
CO[C](C)C(C)(C)OO>>COC1(C)OC1(C)C.[OH],CO[C](C)C(C)(C)OO,COC1(C)OC1(C)C.[OH],cyc_5mem
[CH2]C(C)(OO)C(C)OC>>COC(C)C1(C)CO1.[OH],[CH2]C(C)(OO)C(C)OC,COC(C)C1(C)CO1.[OH],cyc_5mem
[CH2]OCOO>>C1OCO1.[OH],[CH2]OCOO,C1OCO1.[OH],cyc_5mem
C[CH]OCOO>>CC1OCO1.[OH],C[CH]OCOO,CC1OCO1.[OH],cyc_5mem
[CH2]OC(C)OO>>CC1OCO1.[OH],[CH2]OC(C)OO,CC1OCO1.[OH],cyc_5mem
C[C](C)OCOO>>CC1(C)OCO1.[OH],C[C](C)OCOO,CC1(C)OCO1.[OH],cyc_5mem
[CH2]OC(C)(C)OO>>CC1(C)OCO1.[OH],[CH2]OC(C)(C)OO,CC1(C)OCO1.[OH],cyc_5mem
C[CH]OC(C)OO>>CC1OC(C)O1.[OH],C[CH]OC(C)OO,CC1OC(C)O1.[OH],cyc_5mem
C[C](C)OC(C)OO>>CC1OC(C)(C)O1.[OH],C[C](C)OC(C)OO,CC1OC(C)(C)O1.[OH],cyc_5mem
C[CH]OC(C)(C)OO>>CC1OC(C)(C)O1.[OH],C[CH]OC(C)(C)OO,CC1OC(C)(C)O1.[OH],cyc_5mem
C[C](C)OC(C)(C)OO>>CC1(C)OC(C)(C)O1.[OH],C[C](C)OC(C)(C)OO,CC1(C)OC(C)(C)O1.[OH],cyc_5mem
CO[CH]CCOO>>COC1CCO1.[OH],CO[CH]CCOO,COC1CCO1.[OH],cyc_5mem
CO[C](C)CCOO>>COC1(C)CCO1.[OH],CO[C](C)CCOO,COC1(C)CCO1.[OH],cyc_5mem
CO[CH]CC(C)OO>>COC1CC(C)O1.[OH],CO[CH]CC(C)OO,COC1CC(C)O1.[OH],cyc_5mem
CO[C](C)CC(C)OO>>COC1(C)CC(C)O1.[OH],CO[C](C)CC(C)OO,COC1(C)CC(C)O1.[OH],cyc_5mem
CO[CH]CC(C)(C)OO>>COC1CC(C)(C)O1.[OH],CO[CH]CC(C)(C)OO,COC1CC(C)(C)O1.[OH],cyc_5mem
CO[C](C)CC(C)(C)OO>>COC1(C)CC(C)(C)O1.[OH],CO[C](C)CC(C)(C)OO,COC1(C)CC(C)(C)O1.[OH],cyc_5mem
[CH2]CC(OC)OO>>COC1CCO1.[OH],[CH2]CC(OC)OO,COC1CCO1.[OH],cyc_5mem
C[CH]CC(OC)OO>>COC1CC(C)O1.[OH],C[CH]CC(OC)OO,COC1CC(C)O1.[OH],cyc_5mem
[CH2]C[C@](C)(OC)OO>>CO[C@@]1(C)CCO1.[OH],[CH2]C[C@](C)(OC)OO,CO[C@@]1(C)CCO1.[OH],cyc_5mem
C[CH]CC(C)(OC)OO>>COC1(C)CC(C)O1.[OH],C[CH]CC(C)(OC)OO,COC1(C)CC(C)O1.[OH],cyc_5mem
COC(C[C](C)C)OO>>COC1CC(C)(C)O1.[OH],COC(C[C](C)C)OO,COC1CC(C)(C)O1.[OH],cyc_5mem
COC(C)(C[C](C)C)OO>>COC1(C)CC(C)(C)O1.[OH],COC(C)(C[C](C)C)OO,COC1(C)CC(C)(C)O1.[OH],cyc_5mem
[CH2]COCOO>>C1COCO1.[OH],[CH2]COCOO,C1COCO1.[OH],cyc_5mem
[CH2]COC(C)OO>>CC1OCCO1.[OH],[CH2]COC(C)OO,CC1OCCO1.[OH],cyc_5mem
C[CH]COCOO>>CC1COCO1.[OH],C[CH]COCOO,CC1COCO1.[OH],cyc_5mem
C[CH]COC(C)OO>>CC1COC(C)O1.[OH],C[CH]COC(C)OO,CC1COC(C)O1.[OH],cyc_5mem
C[C](C)COCOO>>CC1(C)COCO1.[OH],C[C](C)COCOO,CC1(C)COCO1.[OH],cyc_5mem
[CH2]COC(C)(C)OO>>CC1(C)OCCO1.[OH],[CH2]COC(C)(C)OO,CC1(C)OCCO1.[OH],cyc_5mem
C[CH]COC(C)(C)OO>>CC1COC(C)(C)O1.[OH],C[CH]COC(C)(C)OO,CC1COC(C)(C)O1.[OH],cyc_5mem
C[C](C)COC(C)OO>>CC1OCC(C)(C)O1.[OH],C[C](C)COC(C)OO,CC1OCC(C)(C)O1.[OH],cyc_5mem
C[C](C)COC(C)(C)OO>>CC1(C)COC(C)(C)O1.[OH],C[C](C)COC(C)(C)OO,CC1(C)COC(C)(C)O1.[OH],cyc_5mem
[CH2]OCCOO>>C1COCO1.[OH],[CH2]OCCOO,C1COCO1.[OH],cyc_5mem
[CH2]OCC(C)OO>>CC1COCO1.[OH],[CH2]OCC(C)OO,CC1COCO1.[OH],cyc_5mem
C[CH]OCCOO>>CC1OCCO1.[OH],C[CH]OCCOO,CC1OCCO1.[OH],cyc_5mem
C[CH]OCC(C)OO>>CC1COC(C)O1.[OH],C[CH]OCC(C)OO,CC1COC(C)O1.[OH],cyc_5mem
C[C](C)OCCOO>>CC1(C)OCCO1.[OH],C[C](C)OCCOO,CC1(C)OCCO1.[OH],cyc_5mem
[CH2]OCC(C)(C)OO>>CC1(C)COCO1.[OH],[CH2]OCC(C)(C)OO,CC1(C)COCO1.[OH],cyc_5mem
C[CH]OCC(C)(C)OO>>CC1OCC(C)(C)O1.[OH],C[CH]OCC(C)(C)OO,CC1OCC(C)(C)O1.[OH],cyc_5mem
C[C](C)OCC(C)OO>>CC1COC(C)(C)O1.[OH],C[C](C)OCC(C)OO,CC1COC(C)(C)O1.[OH],cyc_5mem
C[C](C)OCC(C)(C)OO>>CC1(C)COC(C)(C)O1.[OH],C[C](C)OCC(C)(C)OO,CC1(C)COC(C)(C)O1.[OH],cyc_5mem
CO[CH]CCCOO>>COC1CCCO1.[OH],CO[CH]CCCOO,COC1CCCO1.[OH],cyc_5mem
CO[CH]CCC(C)OO>>COC1CCC(C)O1.[OH],CO[CH]CCC(C)OO,COC1CCC(C)O1.[OH],cyc_5mem
CO[C](C)CCCOO>>COC1(C)CCCO1.[OH],CO[C](C)CCCOO,COC1(C)CCCO1.[OH],cyc_5mem
CO[C](C)CCC(C)OO>>COC1(C)CCC(C)O1.[OH],CO[C](C)CCC(C)OO,COC1(C)CCC(C)O1.[OH],cyc_5mem
CO[CH]CCC(C)(C)OO>>COC1CCC(C)(C)O1.[OH],CO[CH]CCC(C)(C)OO,COC1CCC(C)(C)O1.[OH],cyc_5mem
CO[C](C)CCC(C)(C)OO>>COC1(C)CCC(C)(C)O1.[OH],CO[C](C)CCC(C)(C)OO,COC1(C)CCC(C)(C)O1.[OH],cyc_5mem
[CH2]CCC(OC)OO>>COC1CCCO1.[OH],[CH2]CCC(OC)OO,COC1CCCO1.[OH],cyc_5mem
C[CH]CCC(OC)OO>>COC1CCC(C)O1.[OH],C[CH]CCC(OC)OO,COC1CCC(C)O1.[OH],cyc_5mem
[CH2]CCC(C)(OC)OO>>COC1(C)CCCO1.[OH],[CH2]CCC(C)(OC)OO,COC1(C)CCCO1.[OH],cyc_5mem
C[CH]CCC(C)(OC)OO>>COC1(C)CCC(C)O1.[OH],C[CH]CCC(C)(OC)OO,COC1(C)CCC(C)O1.[OH],cyc_5mem
COC(CC[C](C)C)OO>>COC1CCC(C)(C)O1.[OH],COC(CC[C](C)C)OO,COC1CCC(C)(C)O1.[OH],cyc_5mem
COC(C)(CC[C](C)C)OO>>COC1(C)CCC(C)(C)O1.[OH],COC(C)(CC[C](C)C)OO,COC1(C)CCC(C)(C)O1.[OH],cyc_5mem
[CH2]C(OC)OO>>COC1CO1.[OH],[CH2]C(OC)OO,COC1CO1.[OH],cyc_6mem
CO[CH]COO>>COC1CO1.[OH],CO[CH]COO,COC1CO1.[OH],cyc_6mem
[CH2]C(C)(OC)OO>>COC1(C)CO1.[OH],[CH2]C(C)(OC)OO,COC1(C)CO1.[OH],cyc_6mem
CO[C](C)COO>>COC1(C)CO1.[OH],CO[C](C)COO,COC1(C)CO1.[OH],cyc_6mem
C[CH]C(OC)OO>>COC1OC1C.[OH],C[CH]C(OC)OO,COC1OC1C.[OH],cyc_6mem
CO[CH]C(C)OO>>COC1OC1C.[OH],CO[CH]C(C)OO,COC1OC1C.[OH],cyc_6mem
[CH2]C(COC)OO>>COCC1CO1.[OH],[CH2]C(COC)OO,COCC1CO1.[OH],cyc_6mem
C[CH]C(C)(OC)OO>>COC1(C)OC1C.[OH],C[CH]C(C)(OC)OO,COC1(C)OC1C.[OH],cyc_6mem
[CH2]C(CC)(OC)OO>>CCC1(OC)CO1.[OH],[CH2]C(CC)(OC)OO,CCC1(OC)CO1.[OH],cyc_6mem
COC(OO)[C](C)C>>COC1OC1(C)C.[OH],COC(OO)[C](C)C,COC1OC1(C)C.[OH],cyc_6mem
[CH2]C(OO)C(C)OC>>COC(C)C1CO1.[OH],[CH2]C(OO)C(C)OC,COC(C)C1CO1.[OH],cyc_6mem
CO[C](C)C(C)OO>>COC1(C)OC1C.[OH],CO[C](C)C(C)OO,COC1(C)OC1C.[OH],cyc_6mem
CO[CH]C(C)(C)OO>>COC1OC1(C)C.[OH],CO[CH]C(C)(C)OO,COC1OC1(C)C.[OH],cyc_6mem
[CH2]C(C)(COC)OO>>COCC1(C)CO1.[OH],[CH2]C(C)(COC)OO,COCC1(C)CO1.[OH],cyc_6mem
[CH2]C(OC)(OO)C(C)C>>COC1(C(C)C)CO1.[OH],[CH2]C(OC)(OO)C(C)C,COC1(C(C)C)CO1.[OH],cyc_6mem
COC(C)(OO)[C](C)C>>COC1(C)OC1(C)C.[OH],COC(C)(OO)[C](C)C,COC1(C)OC1(C)C.[OH],cyc_6mem
CO[C](C)C(C)(C)OO>>COC1(C)OC1(C)C.[OH],CO[C](C)C(C)(C)OO,COC1(C)OC1(C)C.[OH],cyc_6mem
[CH2]C(C)(OO)C(C)OC>>COC(C)C1(C)CO1.[OH],[CH2]C(C)(OO)C(C)OC,COC(C)C1(C)CO1.[OH],cyc_6mem
[CH2]OCOO>>C1OCO1.[OH],[CH2]OCOO,C1OCO1.[OH],cyc_6mem
C[CH]OCOO>>CC1OCO1.[OH],C[CH]OCOO,CC1OCO1.[OH],cyc_6mem
[CH2]OC(C)OO>>CC1OCO1.[OH],[CH2]OC(C)OO,CC1OCO1.[OH],cyc_6mem
C[C](C)OCOO>>CC1(C)OCO1.[OH],C[C](C)OCOO,CC1(C)OCO1.[OH],cyc_6mem
[CH2]OC(C)(C)OO>>CC1(C)OCO1.[OH],[CH2]OC(C)(C)OO,CC1(C)OCO1.[OH],cyc_6mem
C[CH]OC(C)OO>>CC1OC(C)O1.[OH],C[CH]OC(C)OO,CC1OC(C)O1.[OH],cyc_6mem
C[C](C)OC(C)OO>>CC1OC(C)(C)O1.[OH],C[C](C)OC(C)OO,CC1OC(C)(C)O1.[OH],cyc_6mem
C[CH]OC(C)(C)OO>>CC1OC(C)(C)O1.[OH],C[CH]OC(C)(C)OO,CC1OC(C)(C)O1.[OH],cyc_6mem
C[C](C)OC(C)(C)OO>>CC1(C)OC(C)(C)O1.[OH],C[C](C)OC(C)(C)OO,CC1(C)OC(C)(C)O1.[OH],cyc_6mem
CO[CH]CCOO>>COC1CCO1.[OH],CO[CH]CCOO,COC1CCO1.[OH],cyc_6mem
CO[C](C)CCOO>>COC1(C)CCO1.[OH],CO[C](C)CCOO,COC1(C)CCO1.[OH],cyc_6mem
CO[CH]CC(C)OO>>COC1CC(C)O1.[OH],CO[CH]CC(C)OO,COC1CC(C)O1.[OH],cyc_6mem
CO[C](C)CC(C)OO>>COC1(C)CC(C)O1.[OH],CO[C](C)CC(C)OO,COC1(C)CC(C)O1.[OH],cyc_6mem
CO[CH]CC(C)(C)OO>>COC1CC(C)(C)O1.[OH],CO[CH]CC(C)(C)OO,COC1CC(C)(C)O1.[OH],cyc_6mem
CO[C](C)CC(C)(C)OO>>COC1(C)CC(C)(C)O1.[OH],CO[C](C)CC(C)(C)OO,COC1(C)CC(C)(C)O1.[OH],cyc_6mem
[CH2]CC(OC)OO>>COC1CCO1.[OH],[CH2]CC(OC)OO,COC1CCO1.[OH],cyc_6mem
C[CH]CC(OC)OO>>COC1CC(C)O1.[OH],C[CH]CC(OC)OO,COC1CC(C)O1.[OH],cyc_6mem
[CH2]C[C@](C)(OC)OO>>CO[C@@]1(C)CCO1.[OH],[CH2]C[C@](C)(OC)OO,CO[C@@]1(C)CCO1.[OH],cyc_6mem
C[CH]CC(C)(OC)OO>>COC1(C)CC(C)O1.[OH],C[CH]CC(C)(OC)OO,COC1(C)CC(C)O1.[OH],cyc_6mem
COC(C[C](C)C)OO>>COC1CC(C)(C)O1.[OH],COC(C[C](C)C)OO,COC1CC(C)(C)O1.[OH],cyc_6mem
COC(C)(C[C](C)C)OO>>COC1(C)CC(C)(C)O1.[OH],COC(C)(C[C](C)C)OO,COC1(C)CC(C)(C)O1.[OH],cyc_6mem
[CH2]COCOO>>C1COCO1.[OH],[CH2]COCOO,C1COCO1.[OH],cyc_6mem
[CH2]COC(C)OO>>CC1OCCO1.[OH],[CH2]COC(C)OO,CC1OCCO1.[OH],cyc_6mem
C[CH]COCOO>>CC1COCO1.[OH],C[CH]COCOO,CC1COCO1.[OH],cyc_6mem
C[CH]COC(C)OO>>CC1COC(C)O1.[OH],C[CH]COC(C)OO,CC1COC(C)O1.[OH],cyc_6mem
C[C](C)COCOO>>CC1(C)COCO1.[OH],C[C](C)COCOO,CC1(C)COCO1.[OH],cyc_6mem
[CH2]COC(C)(C)OO>>CC1(C)OCCO1.[OH],[CH2]COC(C)(C)OO,CC1(C)OCCO1.[OH],cyc_6mem
C[CH]COC(C)(C)OO>>CC1COC(C)(C)O1.[OH],C[CH]COC(C)(C)OO,CC1COC(C)(C)O1.[OH],cyc_6mem
C[C](C)COC(C)OO>>CC1OCC(C)(C)O1.[OH],C[C](C)COC(C)OO,CC1OCC(C)(C)O1.[OH],cyc_6mem
C[C](C)COC(C)(C)OO>>CC1(C)COC(C)(C)O1.[OH],C[C](C)COC(C)(C)OO,CC1(C)COC(C)(C)O1.[OH],cyc_6mem
[CH2]OCCOO>>C1COCO1.[OH],[CH2]OCCOO,C1COCO1.[OH],cyc_6mem
[CH2]OCC(C)OO>>CC1COCO1.[OH],[CH2]OCC(C)OO,CC1COCO1.[OH],cyc_6mem
C[CH]OCCOO>>CC1OCCO1.[OH],C[CH]OCCOO,CC1OCCO1.[OH],cyc_6mem
C[CH]OCC(C)OO>>CC1COC(C)O1.[OH],C[CH]OCC(C)OO,CC1COC(C)O1.[OH],cyc_6mem
C[C](C)OCCOO>>CC1(C)OCCO1.[OH],C[C](C)OCCOO,CC1(C)OCCO1.[OH],cyc_6mem
[CH2]OCC(C)(C)OO>>CC1(C)COCO1.[OH],[CH2]OCC(C)(C)OO,CC1(C)COCO1.[OH],cyc_6mem
C[CH]OCC(C)(C)OO>>CC1OCC(C)(C)O1.[OH],C[CH]OCC(C)(C)OO,CC1OCC(C)(C)O1.[OH],cyc_6mem
C[C](C)OCC(C)OO>>CC1COC(C)(C)O1.[OH],C[C](C)OCC(C)OO,CC1COC(C)(C)O1.[OH],cyc_6mem
C[C](C)OCC(C)(C)OO>>CC1(C)COC(C)(C)O1.[OH],C[C](C)OCC(C)(C)OO,CC1(C)COC(C)(C)O1.[OH],cyc_6mem
CO[CH]CCCOO>>COC1CCCO1.[OH],CO[CH]CCCOO,COC1CCCO1.[OH],cyc_6mem
CO[CH]CCC(C)OO>>COC1CCC(C)O1.[OH],CO[CH]CCC(C)OO,COC1CCC(C)O1.[OH],cyc_6mem
CO[C](C)CCCOO>>COC1(C)CCCO1.[OH],CO[C](C)CCCOO,COC1(C)CCCO1.[OH],cyc_6mem
CO[C](C)CCC(C)OO>>COC1(C)CCC(C)O1.[OH],CO[C](C)CCC(C)OO,COC1(C)CCC(C)O1.[OH],cyc_6mem
CO[CH]CCC(C)(C)OO>>COC1CCC(C)(C)O1.[OH],CO[CH]CCC(C)(C)OO,COC1CCC(C)(C)O1.[OH],cyc_6mem
CO[C](C)CCC(C)(C)OO>>COC1(C)CCC(C)(C)O1.[OH],CO[C](C)CCC(C)(C)OO,COC1(C)CCC(C)(C)O1.[OH],cyc_6mem
[CH2]CCC(OC)OO>>COC1CCCO1.[OH],[CH2]CCC(OC)OO,COC1CCCO1.[OH],cyc_6mem
C[CH]CCC(OC)OO>>COC1CCC(C)O1.[OH],C[CH]CCC(OC)OO,COC1CCC(C)O1.[OH],cyc_6mem
[CH2]CCC(C)(OC)OO>>COC1(C)CCCO1.[OH],[CH2]CCC(C)(OC)OO,COC1(C)CCCO1.[OH],cyc_6mem
C[CH]CCC(C)(OC)OO>>COC1(C)CCC(C)O1.[OH],C[CH]CCC(C)(OC)OO,COC1(C)CCC(C)O1.[OH],cyc_6mem
COC(CC[C](C)C)OO>>COC1CCC(C)(C)O1.[OH],COC(CC[C](C)C)OO,COC1CCC(C)(C)O1.[OH],cyc_6mem
COC(C)(CC[C](C)C)OO>>COC1(C)CCC(C)(C)O1.[OH],COC(C)(CC[C](C)C)OO,COC1(C)CCC(C)(C)O1.[OH],cyc_6mem
[CH2]CCOCOO>>C1COCOC1.[OH],[CH2]CCOCOO,C1COCOC1.[OH],cyc_6mem
[CH2]CCOC(C)OO>>CC1OCCCO1.[OH],[CH2]CCOC(C)OO,CC1OCCCO1.[OH],cyc_6mem
C[CH]CCOCOO>>CC1CCOCO1.[OH],C[CH]CCOCOO,CC1CCOCO1.[OH],cyc_6mem
C[CH]CCOC(C)OO>>CC1CCOC(C)O1.[OH],C[CH]CCOC(C)OO,CC1CCOC(C)O1.[OH],cyc_6mem
C[C](C)CCOCOO>>CC1(C)CCOCO1.[OH],C[C](C)CCOCOO,CC1(C)CCOCO1.[OH],cyc_6mem
[CH2]CCOC(C)(C)OO>>CC1(C)OCCCO1.[OH],[CH2]CCOC(C)(C)OO,CC1(C)OCCCO1.[OH],cyc_6mem
C[CH]CCOC(C)(C)OO>>CC1CCOC(C)(C)O1.[OH],C[CH]CCOC(C)(C)OO,CC1CCOC(C)(C)O1.[OH],cyc_6mem
C[C](C)CCOC(C)OO>>CC1OCCC(C)(C)O1.[OH],C[C](C)CCOC(C)OO,CC1OCCC(C)(C)O1.[OH],cyc_6mem
C[C](C)CCOC(C)(C)OO>>CC1(C)CCOC(C)(C)O1.[OH],C[C](C)CCOC(C)(C)OO,CC1(C)CCOC(C)(C)O1.[OH],cyc_6mem
[CH2]COCCOO>>C1COCCO1.[OH],[CH2]COCCOO,C1COCCO1.[OH],cyc_6mem
[CH2]COCC(C)OO>>CC1COCCO1.[OH],[CH2]COCC(C)OO,CC1COCCO1.[OH],cyc_6mem
C[CH]COCCOO>>CC1COCCO1.[OH],C[CH]COCCOO,CC1COCCO1.[OH],cyc_6mem
C[CH]COCC(C)OO>>CC1COCC(C)O1.[OH],C[CH]COCC(C)OO,CC1COCC(C)O1.[OH],cyc_6mem
C[C](C)COCCOO>>CC1(C)COCCO1.[OH],C[C](C)COCCOO,CC1(C)COCCO1.[OH],cyc_6mem
[CH2]COCC(C)(C)OO>>CC1(C)COCCO1.[OH],[CH2]COCC(C)(C)OO,CC1(C)COCCO1.[OH],cyc_6mem
C[CH]COCC(C)(C)OO>>CC1COCC(C)(C)O1.[OH],C[CH]COCC(C)(C)OO,CC1COCC(C)(C)O1.[OH],cyc_6mem
C[C](C)COCC(C)OO>>CC1COCC(C)(C)O1.[OH],C[C](C)COCC(C)OO,CC1COCC(C)(C)O1.[OH],cyc_6mem
C[C](C)COCC(C)(C)OO>>CC1(C)COCC(C)(C)O1.[OH],C[C](C)COCC(C)(C)OO,CC1(C)COCC(C)(C)O1.[OH],cyc_6mem
[CH2]OCCCOO>>C1COCOC1.[OH],[CH2]OCCCOO,C1COCOC1.[OH],cyc_6mem
[CH2]OCCC(C)OO>>CC1CCOCO1.[OH],[CH2]OCCC(C)OO,CC1CCOCO1.[OH],cyc_6mem
C[CH]OCCCOO>>CC1OCCCO1.[OH],C[CH]OCCCOO,CC1OCCCO1.[OH],cyc_6mem
C[CH]OCCC(C)OO>>CC1CCOC(C)O1.[OH],C[CH]OCCC(C)OO,CC1CCOC(C)O1.[OH],cyc_6mem
C[C](C)OCCCOO>>CC1(C)OCCCO1.[OH],C[C](C)OCCCOO,CC1(C)OCCCO1.[OH],cyc_6mem
[CH2]OCCC(C)(C)OO>>CC1(C)CCOCO1.[OH],[CH2]OCCC(C)(C)OO,CC1(C)CCOCO1.[OH],cyc_6mem
C[CH]OCCC(C)(C)OO>>CC1OCCC(C)(C)O1.[OH],C[CH]OCCC(C)(C)OO,CC1OCCC(C)(C)O1.[OH],cyc_6mem
C[C](C)OCCC(C)OO>>CC1CCOC(C)(C)O1.[OH],C[C](C)OCCC(C)OO,CC1CCOC(C)(C)O1.[OH],cyc_6mem
C[C](C)OCCC(C)(C)OO>>CC1(C)CCOC(C)(C)O1.[OH],C[C](C)OCCC(C)(C)OO,CC1(C)CCOC(C)(C)O1.[OH],cyc_6mem
CO[CH]CCCCOO>>COC1CCCCO1.[OH],CO[CH]CCCCOO,COC1CCCCO1.[OH],cyc_6mem
CO[CH]CCCC(C)OO>>COC1CCCC(C)O1.[OH],CO[CH]CCCC(C)OO,COC1CCCC(C)O1.[OH],cyc_6mem
CO[C](C)CCCCOO>>COC1(C)CCCCO1.[OH],CO[C](C)CCCCOO,COC1(C)CCCCO1.[OH],cyc_6mem
CO[C](C)CCCC(C)OO>>COC1(C)CCCC(C)O1.[OH],CO[C](C)CCCC(C)OO,COC1(C)CCCC(C)O1.[OH],cyc_6mem
CO[CH]CCCC(C)(C)OO>>COC1CCCC(C)(C)O1.[OH],CO[CH]CCCC(C)(C)OO,COC1CCCC(C)(C)O1.[OH],cyc_6mem
CO[C](C)CCCC(C)(C)OO>>COC1(C)CCCC(C)(C)O1.[OH],CO[C](C)CCCC(C)(C)OO,COC1(C)CCCC(C)(C)O1.[OH],cyc_6mem
[CH2]CCCC(OC)OO>>COC1CCCCO1.[OH],[CH2]CCCC(OC)OO,COC1CCCCO1.[OH],cyc_6mem
C[CH]CCCC(OC)OO>>COC1CCCC(C)O1.[OH],C[CH]CCCC(OC)OO,COC1CCCC(C)O1.[OH],cyc_6mem
[CH2]CCCC(C)(OC)OO>>COC1(C)CCCCO1.[OH],[CH2]CCCC(C)(OC)OO,COC1(C)CCCCO1.[OH],cyc_6mem
C[CH]CCCC(C)(OC)OO>>COC1(C)CCCC(C)O1.[OH],C[CH]CCCC(C)(OC)OO,COC1(C)CCCC(C)O1.[OH],cyc_6mem
COC(C)(CCC[C](C)C)OO>>COC1(C)CCCC(C)(C)O1.[OH],COC(C)(CCC[C](C)C)OO,COC1(C)CCCC(C)(C)O1.[OH],cyc_6mem
COC(CCC[C](C)C)OO>>COC1CCCC(C)(C)O1.[OH],COC(CCC[C](C)C)OO,COC1CCCC(C)(C)O1.[OH],cyc_6mem
[CH2]C(OC)OO>>COC1CO1.[OH],[CH2]C(OC)OO,COC1CO1.[OH],beta_scis
CO[CH]COO>>COC1CO1.[OH],CO[CH]COO,COC1CO1.[OH],beta_scis
[CH2]C(C)(OC)OO>>COC1(C)CO1.[OH],[CH2]C(C)(OC)OO,COC1(C)CO1.[OH],beta_scis
CO[C](C)COO>>COC1(C)CO1.[OH],CO[C](C)COO,COC1(C)CO1.[OH],beta_scis
C[CH]C(OC)OO>>COC1OC1C.[OH],C[CH]C(OC)OO,COC1OC1C.[OH],beta_scis
CO[CH]C(C)OO>>COC1OC1C.[OH],CO[CH]C(C)OO,COC1OC1C.[OH],beta_scis
[CH2]C(COC)OO>>COCC1CO1.[OH],[CH2]C(COC)OO,COCC1CO1.[OH],beta_scis
C[CH]C(C)(OC)OO>>COC1(C)OC1C.[OH],C[CH]C(C)(OC)OO,COC1(C)OC1C.[OH],beta_scis
[CH2]C(CC)(OC)OO>>CCC1(OC)CO1.[OH],[CH2]C(CC)(OC)OO,CCC1(OC)CO1.[OH],beta_scis
COC(OO)[C](C)C>>COC1OC1(C)C.[OH],COC(OO)[C](C)C,COC1OC1(C)C.[OH],beta_scis
[CH2]C(OO)C(C)OC>>COC(C)C1CO1.[OH],[CH2]C(OO)C(C)OC,COC(C)C1CO1.[OH],beta_scis
CO[C](C)C(C)OO>>COC1(C)OC1C.[OH],CO[C](C)C(C)OO,COC1(C)OC1C.[OH],beta_scis
CO[CH]C(C)(C)OO>>COC1OC1(C)C.[OH],CO[CH]C(C)(C)OO,COC1OC1(C)C.[OH],beta_scis
[CH2]C(C)(COC)OO>>COCC1(C)CO1.[OH],[CH2]C(C)(COC)OO,COCC1(C)CO1.[OH],beta_scis
[CH2]C(OC)(OO)C(C)C>>COC1(C(C)C)CO1.[OH],[CH2]C(OC)(OO)C(C)C,COC1(C(C)C)CO1.[OH],beta_scis
COC(C)(OO)[C](C)C>>COC1(C)OC1(C)C.[OH],COC(C)(OO)[C](C)C,COC1(C)OC1(C)C.[OH],beta_scis
CO[C](C)C(C)(C)OO>>COC1(C)OC1(C)C.[OH],CO[C](C)C(C)(C)OO,COC1(C)OC1(C)C.[OH],beta_scis
[CH2]C(C)(OO)C(C)OC>>COC(C)C1(C)CO1.[OH],[CH2]C(C)(OO)C(C)OC,COC(C)C1(C)CO1.[OH],beta_scis
[CH2]OCOO>>C1OCO1.[OH],[CH2]OCOO,C1OCO1.[OH],beta_scis
C[CH]OCOO>>CC1OCO1.[OH],C[CH]OCOO,CC1OCO1.[OH],beta_scis
[CH2]OC(C)OO>>CC1OCO1.[OH],[CH2]OC(C)OO,CC1OCO1.[OH],beta_scis
C[C](C)OCOO>>CC1(C)OCO1.[OH],C[C](C)OCOO,CC1(C)OCO1.[OH],beta_scis
[CH2]OC(C)(C)OO>>CC1(C)OCO1.[OH],[CH2]OC(C)(C)OO,CC1(C)OCO1.[OH],beta_scis
C[CH]OC(C)OO>>CC1OC(C)O1.[OH],C[CH]OC(C)OO,CC1OC(C)O1.[OH],beta_scis
C[C](C)OC(C)OO>>CC1OC(C)(C)O1.[OH],C[C](C)OC(C)OO,CC1OC(C)(C)O1.[OH],beta_scis
C[CH]OC(C)(C)OO>>CC1OC(C)(C)O1.[OH],C[CH]OC(C)(C)OO,CC1OC(C)(C)O1.[OH],beta_scis
C[C](C)OC(C)(C)OO>>CC1(C)OC(C)(C)O1.[OH],C[C](C)OC(C)(C)OO,CC1(C)OC(C)(C)O1.[OH],beta_scis
CO[CH]CCOO>>COC1CCO1.[OH],CO[CH]CCOO,COC1CCO1.[OH],beta_scis
CO[C](C)CCOO>>COC1(C)CCO1.[OH],CO[C](C)CCOO,COC1(C)CCO1.[OH],beta_scis
CO[CH]CC(C)OO>>COC1CC(C)O1.[OH],CO[CH]CC(C)OO,COC1CC(C)O1.[OH],beta_scis
CO[C](C)CC(C)OO>>COC1(C)CC(C)O1.[OH],CO[C](C)CC(C)OO,COC1(C)CC(C)O1.[OH],beta_scis
CO[CH]CC(C)(C)OO>>COC1CC(C)(C)O1.[OH],CO[CH]CC(C)(C)OO,COC1CC(C)(C)O1.[OH],beta_scis
CO[C](C)CC(C)(C)OO>>COC1(C)CC(C)(C)O1.[OH],CO[C](C)CC(C)(C)OO,COC1(C)CC(C)(C)O1.[OH],beta_scis
[CH2]CC(OC)OO>>COC1CCO1.[OH],[CH2]CC(OC)OO,COC1CCO1.[OH],beta_scis
C[CH]CC(OC)OO>>COC1CC(C)O1.[OH],C[CH]CC(OC)OO,COC1CC(C)O1.[OH],beta_scis
[CH2]C[C@](C)(OC)OO>>CO[C@@]1(C)CCO1.[OH],[CH2]C[C@](C)(OC)OO,CO[C@@]1(C)CCO1.[OH],beta_scis
C[CH]CC(C)(OC)OO>>COC1(C)CC(C)O1.[OH],C[CH]CC(C)(OC)OO,COC1(C)CC(C)O1.[OH],beta_scis
COC(C[C](C)C)OO>>COC1CC(C)(C)O1.[OH],COC(C[C](C)C)OO,COC1CC(C)(C)O1.[OH],beta_scis
COC(C)(C[C](C)C)OO>>COC1(C)CC(C)(C)O1.[OH],COC(C)(C[C](C)C)OO,COC1(C)CC(C)(C)O1.[OH],beta_scis
[CH2]COCOO>>C1COCO1.[OH],[CH2]COCOO,C1COCO1.[OH],beta_scis
[CH2]COC(C)OO>>CC1OCCO1.[OH],[CH2]COC(C)OO,CC1OCCO1.[OH],beta_scis
C[CH]COCOO>>CC1COCO1.[OH],C[CH]COCOO,CC1COCO1.[OH],beta_scis
C[CH]COC(C)OO>>CC1COC(C)O1.[OH],C[CH]COC(C)OO,CC1COC(C)O1.[OH],beta_scis
C[C](C)COCOO>>CC1(C)COCO1.[OH],C[C](C)COCOO,CC1(C)COCO1.[OH],beta_scis
[CH2]COC(C)(C)OO>>CC1(C)OCCO1.[OH],[CH2]COC(C)(C)OO,CC1(C)OCCO1.[OH],beta_scis
C[CH]COC(C)(C)OO>>CC1COC(C)(C)O1.[OH],C[CH]COC(C)(C)OO,CC1COC(C)(C)O1.[OH],beta_scis
C[C](C)COC(C)OO>>CC1OCC(C)(C)O1.[OH],C[C](C)COC(C)OO,CC1OCC(C)(C)O1.[OH],beta_scis
C[C](C)COC(C)(C)OO>>CC1(C)COC(C)(C)O1.[OH],C[C](C)COC(C)(C)OO,CC1(C)COC(C)(C)O1.[OH],beta_scis
[CH2]OCCOO>>C1COCO1.[OH],[CH2]OCCOO,C1COCO1.[OH],beta_scis
[CH2]OCC(C)OO>>CC1COCO1.[OH],[CH2]OCC(C)OO,CC1COCO1.[OH],beta_scis
C[CH]OCCOO>>CC1OCCO1.[OH],C[CH]OCCOO,CC1OCCO1.[OH],beta_scis
C[CH]OCC(C)OO>>CC1COC(C)O1.[OH],C[CH]OCC(C)OO,CC1COC(C)O1.[OH],beta_scis
C[C](C)OCCOO>>CC1(C)OCCO1.[OH],C[C](C)OCCOO,CC1(C)OCCO1.[OH],beta_scis
[CH2]OCC(C)(C)OO>>CC1(C)COCO1.[OH],[CH2]OCC(C)(C)OO,CC1(C)COCO1.[OH],beta_scis
C[CH]OCC(C)(C)OO>>CC1OCC(C)(C)O1.[OH],C[CH]OCC(C)(C)OO,CC1OCC(C)(C)O1.[OH],beta_scis
C[C](C)OCC(C)OO>>CC1COC(C)(C)O1.[OH],C[C](C)OCC(C)OO,CC1COC(C)(C)O1.[OH],beta_scis
C[C](C)OCC(C)(C)OO>>CC1(C)COC(C)(C)O1.[OH],C[C](C)OCC(C)(C)OO,CC1(C)COC(C)(C)O1.[OH],beta_scis
CO[CH]CCCOO>>COC1CCCO1.[OH],CO[CH]CCCOO,COC1CCCO1.[OH],beta_scis
CO[CH]CCC(C)OO>>COC1CCC(C)O1.[OH],CO[CH]CCC(C)OO,COC1CCC(C)O1.[OH],beta_scis
CO[C](C)CCCOO>>COC1(C)CCCO1.[OH],CO[C](C)CCCOO,COC1(C)CCCO1.[OH],beta_scis
CO[C](C)CCC(C)OO>>COC1(C)CCC(C)O1.[OH],CO[C](C)CCC(C)OO,COC1(C)CCC(C)O1.[OH],beta_scis
CO[CH]CCC(C)(C)OO>>COC1CCC(C)(C)O1.[OH],CO[CH]CCC(C)(C)OO,COC1CCC(C)(C)O1.[OH],beta_scis
CO[C](C)CCC(C)(C)OO>>COC1(C)CCC(C)(C)O1.[OH],CO[C](C)CCC(C)(C)OO,COC1(C)CCC(C)(C)O1.[OH],beta_scis
[CH2]CCC(OC)OO>>COC1CCCO1.[OH],[CH2]CCC(OC)OO,COC1CCCO1.[OH],beta_scis
C[CH]CCC(OC)OO>>COC1CCC(C)O1.[OH],C[CH]CCC(OC)OO,COC1CCC(C)O1.[OH],beta_scis
[CH2]CCC(C)(OC)OO>>COC1(C)CCCO1.[OH],[CH2]CCC(C)(OC)OO,COC1(C)CCCO1.[OH],beta_scis
C[CH]CCC(C)(OC)OO>>COC1(C)CCC(C)O1.[OH],C[CH]CCC(C)(OC)OO,COC1(C)CCC(C)O1.[OH],beta_scis
COC(CC[C](C)C)OO>>COC1CCC(C)(C)O1.[OH],COC(CC[C](C)C)OO,COC1CCC(C)(C)O1.[OH],beta_scis
COC(C)(CC[C](C)C)OO>>COC1(C)CCC(C)(C)O1.[OH],COC(C)(CC[C](C)C)OO,COC1(C)CCC(C)(C)O1.[OH],beta_scis
[CH2]CCOCOO>>C1COCOC1.[OH],[CH2]CCOCOO,C1COCOC1.[OH],beta_scis
[CH2]CCOC(C)OO>>CC1OCCCO1.[OH],[CH2]CCOC(C)OO,CC1OCCCO1.[OH],beta_scis
C[CH]CCOCOO>>CC1CCOCO1.[OH],C[CH]CCOCOO,CC1CCOCO1.[OH],beta_scis
C[CH]CCOC(C)OO>>CC1CCOC(C)O1.[OH],C[CH]CCOC(C)OO,CC1CCOC(C)O1.[OH],beta_scis
C[C](C)CCOCOO>>CC1(C)CCOCO1.[OH],C[C](C)CCOCOO,CC1(C)CCOCO1.[OH],beta_scis
[CH2]CCOC(C)(C)OO>>CC1(C)OCCCO1.[OH],[CH2]CCOC(C)(C)OO,CC1(C)OCCCO1.[OH],beta_scis
C[CH]CCOC(C)(C)OO>>CC1CCOC(C)(C)O1.[OH],C[CH]CCOC(C)(C)OO,CC1CCOC(C)(C)O1.[OH],beta_scis
C[C](C)CCOC(C)OO>>CC1OCCC(C)(C)O1.[OH],C[C](C)CCOC(C)OO,CC1OCCC(C)(C)O1.[OH],beta_scis
C[C](C)CCOC(C)(C)OO>>CC1(C)CCOC(C)(C)O1.[OH],C[C](C)CCOC(C)(C)OO,CC1(C)CCOC(C)(C)O1.[OH],beta_scis
[CH2]COCCOO>>C1COCCO1.[OH],[CH2]COCCOO,C1COCCO1.[OH],beta_scis
[CH2]COCC(C)OO>>CC1COCCO1.[OH],[CH2]COCC(C)OO,CC1COCCO1.[OH],beta_scis
C[CH]COCCOO>>CC1COCCO1.[OH],C[CH]COCCOO,CC1COCCO1.[OH],beta_scis
C[CH]COCC(C)OO>>CC1COCC(C)O1.[OH],C[CH]COCC(C)OO,CC1COCC(C)O1.[OH],beta_scis
C[C](C)COCCOO>>CC1(C)COCCO1.[OH],C[C](C)COCCOO,CC1(C)COCCO1.[OH],beta_scis
[CH2]COCC(C)(C)OO>>CC1(C)COCCO1.[OH],[CH2]COCC(C)(C)OO,CC1(C)COCCO1.[OH],beta_scis
C[CH]COCC(C)(C)OO>>CC1COCC(C)(C)O1.[OH],C[CH]COCC(C)(C)OO,CC1COCC(C)(C)O1.[OH],beta_scis
C[C](C)COCC(C)OO>>CC1COCC(C)(C)O1.[OH],C[C](C)COCC(C)OO,CC1COCC(C)(C)O1.[OH],beta_scis
C[C](C)COCC(C)(C)OO>>CC1(C)COCC(C)(C)O1.[OH],C[C](C)COCC(C)(C)OO,CC1(C)COCC(C)(C)O1.[OH],beta_scis
[CH2]OCCCOO>>C1COCOC1.[OH],[CH2]OCCCOO,C1COCOC1.[OH],beta_scis
[CH2]OCCC(C)OO>>CC1CCOCO1.[OH],[CH2]OCCC(C)OO,CC1CCOCO1.[OH],beta_scis
C[CH]OCCCOO>>CC1OCCCO1.[OH],C[CH]OCCCOO,CC1OCCCO1.[OH],beta_scis
C[CH]OCCC(C)OO>>CC1CCOC(C)O1.[OH],C[CH]OCCC(C)OO,CC1CCOC(C)O1.[OH],beta_scis
C[C](C)OCCCOO>>CC1(C)OCCCO1.[OH],C[C](C)OCCCOO,CC1(C)OCCCO1.[OH],beta_scis
[CH2]OCCC(C)(C)OO>>CC1(C)CCOCO1.[OH],[CH2]OCCC(C)(C)OO,CC1(C)CCOCO1.[OH],beta_scis
C[CH]OCCC(C)(C)OO>>CC1OCCC(C)(C)O1.[OH],C[CH]OCCC(C)(C)OO,CC1OCCC(C)(C)O1.[OH],beta_scis
C[C](C)OCCC(C)OO>>CC1CCOC(C)(C)O1.[OH],C[C](C)OCCC(C)OO,CC1CCOC(C)(C)O1.[OH],beta_scis
C[C](C)OCCC(C)(C)OO>>CC1(C)CCOC(C)(C)O1.[OH],C[C](C)OCCC(C)(C)OO,CC1(C)CCOC(C)(C)O1.[OH],beta_scis
CO[CH]CCCCOO>>COC1CCCCO1.[OH],CO[CH]CCCCOO,COC1CCCCO1.[OH],beta_scis
CO[CH]CCCC(C)OO>>COC1CCCC(C)O1.[OH],CO[CH]CCCC(C)OO,COC1CCCC(C)O1.[OH],beta_scis
CO[C](C)CCCCOO>>COC1(C)CCCCO1.[OH],CO[C](C)CCCCOO,COC1(C)CCCCO1.[OH],beta_scis
CO[C](C)CCCC(C)OO>>COC1(C)CCCC(C)O1.[OH],CO[C](C)CCCC(C)OO,COC1(C)CCCC(C)O1.[OH],beta_scis
CO[CH]CCCC(C)(C)OO>>COC1CCCC(C)(C)O1.[OH],CO[CH]CCCC(C)(C)OO,COC1CCCC(C)(C)O1.[OH],beta_scis
CO[C](C)CCCC(C)(C)OO>>COC1(C)CCCC(C)(C)O1.[OH],CO[C](C)CCCC(C)(C)OO,COC1(C)CCCC(C)(C)O1.[OH],beta_scis
[CH2]CCCC(OC)OO>>COC1CCCCO1.[OH],[CH2]CCCC(OC)OO,COC1CCCCO1.[OH],beta_scis
C[CH]CCCC(OC)OO>>COC1CCCC(C)O1.[OH],C[CH]CCCC(OC)OO,COC1CCCC(C)O1.[OH],beta_scis
[CH2]CCCC(C)(OC)OO>>COC1(C)CCCCO1.[OH],[CH2]CCCC(C)(OC)OO,COC1(C)CCCCO1.[OH],beta_scis
C[CH]CCCC(C)(OC)OO>>COC1(C)CCCC(C)O1.[OH],C[CH]CCCC(C)(OC)OO,COC1(C)CCCC(C)O1.[OH],beta_scis
COC(C)(CCC[C](C)C)OO>>COC1(C)CCCC(C)(C)O1.[OH],COC(C)(CCC[C](C)C)OO,COC1(C)CCCC(C)(C)O1.[OH],beta_scis
COC(CCC[C](C)C)OO>>COC1CCCC(C)(C)O1.[OH],COC(CCC[C](C)C)OO,COC1CCCC(C)(C)O1.[OH],beta_scis
[CH2]C(OC)OO>>C=COC.[O]O,[CH2]C(OC)OO,C=COC.[O]O,beta_scis
[CH2]C(OC)OO>>C=COO.C[O],[CH2]C(OC)OO,C=COO.C[O],beta_scis
CO[CH]COO>>O=CCOO.[CH3],CO[CH]COO,O=CCOO.[CH3],beta_scis
CO[CH]COO>>C=COC.[O]O,CO[CH]COO,C=COC.[O]O,beta_scis
[CH2]C(C)(OC)OO>>C=C(OC)OO.[CH3],[CH2]C(C)(OC)OO,C=C(OC)OO.[CH3],beta_scis
[CH2]C(C)(OC)OO>>C=C(C)OC.[O]O,[CH2]C(C)(OC)OO,C=C(C)OC.[O]O,beta_scis
[CH2]C(C)(OC)OO>>C=C(C)OO.C[O],[CH2]C(C)(OC)OO,C=C(C)OO.C[O],beta_scis
CO[C](C)COO>>CC(=O)COO.[CH3],CO[C](C)COO,CC(=O)COO.[CH3],beta_scis
CO[C](C)COO>>C=C(C)OC.[O]O,CO[C](C)COO,C=C(C)OC.[O]O,beta_scis
C[CH]C(OC)OO>>CC=COO.C[O],C[CH]C(OC)OO,CC=COO.C[O],beta_scis
C[CH]C(OC)OO>>CC=COC.[O]O,C[CH]C(OC)OO,CC=COC.[O]O,beta_scis
CO[CH]C(C)OO>>COC=COO.[CH3],CO[CH]C(C)OO,COC=COO.[CH3],beta_scis
CO[CH]C(C)OO>>CC=COC.[O]O,CO[CH]C(C)OO,CC=COC.[O]O,beta_scis
CO[CH]C(C)OO>>CC(C=O)OO.[CH3],CO[CH]C(C)OO,CC(C=O)OO.[CH3],beta_scis
[CH2]C(COC)OO>>C=CCOC.[O]O,[CH2]C(COC)OO,C=CCOC.[O]O,beta_scis
[CH2]C(COC)OO>>C=COO.[CH2]OC,[CH2]C(COC)OO,C=COO.[CH2]OC,beta_scis
C[CH]C(C)(OC)OO>>CC=C(OC)OO.[CH3],C[CH]C(C)(OC)OO,CC=C(OC)OO.[CH3],beta_scis
C[CH]C(C)(OC)OO>>CC=C(C)OC.[O]O,C[CH]C(C)(OC)OO,CC=C(C)OC.[O]O,beta_scis
C[CH]C(C)(OC)OO>>CC=C(C)OO.C[O],C[CH]C(C)(OC)OO,CC=C(C)OO.C[O],beta_scis
[CH2]C(CC)(OC)OO>>C=C(CC)OC.[O]O,[CH2]C(CC)(OC)OO,C=C(CC)OC.[O]O,beta_scis
[CH2]C(CC)(OC)OO>>C=C(CC)OO.C[O],[CH2]C(CC)(OC)OO,C=C(CC)OO.C[O],beta_scis
[CH2]C(CC)(OC)OO>>C=C(OC)OO.[CH2]C,[CH2]C(CC)(OC)OO,C=C(OC)OO.[CH2]C,beta_scis
COC(OO)[C](C)C>>CC(C)=COO.C[O],COC(OO)[C](C)C,CC(C)=COO.C[O],beta_scis
COC(OO)[C](C)C>>COC=C(C)C.[O]O,COC(OO)[C](C)C,COC=C(C)C.[O]O,beta_scis
[CH2]C(OO)C(C)OC>>C=CC(C)OC.[O]O,[CH2]C(OO)C(C)OC,C=CC(C)OC.[O]O,beta_scis
[CH2]C(OO)C(C)OC>>C=COO.C[CH]OC,[CH2]C(OO)C(C)OC,C=COO.C[CH]OC,beta_scis
CO[C](C)C(C)OO>>CC=C(C)OC.[O]O,CO[C](C)C(C)OO,CC=C(C)OC.[O]O,beta_scis
CO[C](C)C(C)OO>>CC(=O)C(C)OO.[CH3],CO[C](C)C(C)OO,CC(=O)C(C)OO.[CH3],beta_scis
CO[C](C)C(C)OO>>COC(C)=COO.[CH3],CO[C](C)C(C)OO,COC(C)=COO.[CH3],beta_scis
CO[CH]C(C)(C)OO>>CC(C)(C=O)OO.[CH3],CO[CH]C(C)(C)OO,CC(C)(C=O)OO.[CH3],beta_scis
CO[CH]C(C)(C)OO>>COC=C(C)C.[O]O,CO[CH]C(C)(C)OO,COC=C(C)C.[O]O,beta_scis
CO[CH]C(C)(C)OO>>COC=C(C)OO.[CH3],CO[CH]C(C)(C)OO,COC=C(C)OO.[CH3],beta_scis
[CH2]C(C)(COC)OO>>C=C(C)OO.[CH2]OC,[CH2]C(C)(COC)OO,C=C(C)OO.[CH2]OC,beta_scis
[CH2]C(C)(COC)OO>>C=C(C)COC.[O]O,[CH2]C(C)(COC)OO,C=C(C)COC.[O]O,beta_scis
[CH2]C(C)(COC)OO>>C=C(COC)OO.[CH3],[CH2]C(C)(COC)OO,C=C(COC)OO.[CH3],beta_scis
[CH2]C(OC)(OO)C(C)C>>C=C(OC)OO.C[CH]C,[CH2]C(OC)(OO)C(C)C,C=C(OC)OO.C[CH]C,beta_scis
[CH2]C(OC)(OO)C(C)C>>C=C(OC)C(C)C.[O]O,[CH2]C(OC)(OO)C(C)C,C=C(OC)C(C)C.[O]O,beta_scis
[CH2]C(OC)(OO)C(C)C>>C=C(OO)C(C)C.C[O],[CH2]C(OC)(OO)C(C)C,C=C(OO)C(C)C.C[O],beta_scis
COC(C)(OO)[C](C)C>>COC(OO)=C(C)C.[CH3],COC(C)(OO)[C](C)C,COC(OO)=C(C)C.[CH3],beta_scis
COC(C)(OO)[C](C)C>>COC(C)=C(C)C.[O]O,COC(C)(OO)[C](C)C,COC(C)=C(C)C.[O]O,beta_scis
COC(C)(OO)[C](C)C>>CC(C)=C(C)OO.C[O],COC(C)(OO)[C](C)C,CC(C)=C(C)OO.C[O],beta_scis
CO[C](C)C(C)(C)OO>>CC(=O)C(C)(C)OO.[CH3],CO[C](C)C(C)(C)OO,CC(=O)C(C)(C)OO.[CH3],beta_scis
CO[C](C)C(C)(C)OO>>COC(C)=C(C)C.[O]O,CO[C](C)C(C)(C)OO,COC(C)=C(C)C.[O]O,beta_scis
CO[C](C)C(C)(C)OO>>COC(C)=C(C)OO.[CH3],CO[C](C)C(C)(C)OO,COC(C)=C(C)OO.[CH3],beta_scis
[CH2]C(C)(OO)C(C)OC>>C=C(C)C(C)OC.[O]O,[CH2]C(C)(OO)C(C)OC,C=C(C)C(C)OC.[O]O,beta_scis
[CH2]C(C)(OO)C(C)OC>>C=C(OO)C(C)OC.[CH3],[CH2]C(C)(OO)C(C)OC,C=C(OO)C(C)OC.[CH3],beta_scis
[CH2]C(C)(OO)C(C)OC>>C=C(C)OO.C[CH]OC,[CH2]C(C)(OO)C(C)OC,C=C(C)OO.C[CH]OC,beta_scis
[CH2]OCOO>>C=O.[CH2]OO,[CH2]OCOO,C=O.[CH2]OO,beta_scis
C[CH]OCOO>>CC=O.[CH2]OO,C[CH]OCOO,CC=O.[CH2]OO,beta_scis
[CH2]OC(C)OO>>C=O.C[CH]OO,[CH2]OC(C)OO,C=O.C[CH]OO,beta_scis
C[C](C)OCOO>>CC(C)=O.[CH2]OO,C[C](C)OCOO,CC(C)=O.[CH2]OO,beta_scis
[CH2]OC(C)(C)OO>>C=O.C[C](C)OO,[CH2]OC(C)(C)OO,C=O.C[C](C)OO,beta_scis
C[CH]OC(C)OO>>CC=O.C[CH]OO,C[CH]OC(C)OO,CC=O.C[CH]OO,beta_scis
C[C](C)OC(C)OO>>CC(C)=O.C[CH]OO,C[C](C)OC(C)OO,CC(C)=O.C[CH]OO,beta_scis
C[CH]OC(C)(C)OO>>CC=O.C[C](C)OO,C[CH]OC(C)(C)OO,CC=O.C[C](C)OO,beta_scis
C[C](C)OC(C)(C)OO>>CC(C)=O.C[C](C)OO,C[C](C)OC(C)(C)OO,CC(C)=O.C[C](C)OO,beta_scis
CO[CH]CCOO>>O=CCCOO.[CH3],CO[CH]CCOO,O=CCCOO.[CH3],beta_scis
CO[CH]CCOO>>C=COC.[CH2]OO,CO[CH]CCOO,C=COC.[CH2]OO,beta_scis
CO[C](C)CCOO>>CC(=O)CCOO.[CH3],CO[C](C)CCOO,CC(=O)CCOO.[CH3],beta_scis
CO[C](C)CCOO>>C=C(C)OC.[CH2]OO,CO[C](C)CCOO,C=C(C)OC.[CH2]OO,beta_scis
CO[CH]CC(C)OO>>C=COC.C[CH]OO,CO[CH]CC(C)OO,C=COC.C[CH]OO,beta_scis
CO[CH]CC(C)OO>>CC(CC=O)OO.[CH3],CO[CH]CC(C)OO,CC(CC=O)OO.[CH3],beta_scis
CO[C](C)CC(C)OO>>CC(=O)CC(C)OO.[CH3],CO[C](C)CC(C)OO,CC(=O)CC(C)OO.[CH3],beta_scis
CO[C](C)CC(C)OO>>C=C(C)OC.C[CH]OO,CO[C](C)CC(C)OO,C=C(C)OC.C[CH]OO,beta_scis
CO[CH]CC(C)(C)OO>>C=COC.C[C](C)OO,CO[CH]CC(C)(C)OO,C=COC.C[C](C)OO,beta_scis
CO[CH]CC(C)(C)OO>>CC(C)(CC=O)OO.[CH3],CO[CH]CC(C)(C)OO,CC(C)(CC=O)OO.[CH3],beta_scis
CO[C](C)CC(C)(C)OO>>CC(=O)CC(C)(C)OO.[CH3],CO[C](C)CC(C)(C)OO,CC(=O)CC(C)(C)OO.[CH3],beta_scis
CO[C](C)CC(C)(C)OO>>C=C(C)OC.C[C](C)OO,CO[C](C)CC(C)(C)OO,C=C(C)OC.C[C](C)OO,beta_scis
[CH2]CC(OC)OO>>C=C.CO[CH]OO,[CH2]CC(OC)OO,C=C.CO[CH]OO,beta_scis
C[CH]CC(OC)OO>>C=CC.CO[CH]OO,C[CH]CC(OC)OO,C=CC.CO[CH]OO,beta_scis
[CH2]C[C@](C)(OC)OO>>C=C.CO[C@@H](C)OO,[CH2]C[C@](C)(OC)OO,C=C.CO[C@@H](C)OO,beta_scis
C[CH]CC(C)(OC)OO>>C=CC.CO[C](C)OO,C[CH]CC(C)(OC)OO,C=CC.CO[C](C)OO,beta_scis
COC(C[C](C)C)OO>>C=C(C)C.CO[CH]OO,COC(C[C](C)C)OO,C=C(C)C.CO[CH]OO,beta_scis
COC(C)(C[C](C)C)OO>>C=C(C)C.CO[C](C)OO,COC(C)(C[C](C)C)OO,C=C(C)C.CO[C](C)OO,beta_scis
[CH2]COCOO>>C=C.[O]COO,[CH2]COCOO,C=C.[O]COO,beta_scis
[CH2]COC(C)OO>>C=C.CC([O])OO,[CH2]COC(C)OO,C=C.CC([O])OO,beta_scis
C[CH]COCOO>>C=CC.[O]COO,C[CH]COCOO,C=CC.[O]COO,beta_scis
C[CH]COC(C)OO>>C=CC.CC([O])OO,C[CH]COC(C)OO,C=CC.CC([O])OO,beta_scis
C[C](C)COCOO>>C=C(C)C.[O]COO,C[C](C)COCOO,C=C(C)C.[O]COO,beta_scis
[CH2]COC(C)(C)OO>>C=C.CC(C)([O])OO,[CH2]COC(C)(C)OO,C=C.CC(C)([O])OO,beta_scis
C[CH]COC(C)(C)OO>>C=CC.CC(C)([O])OO,C[CH]COC(C)(C)OO,C=CC.CC(C)([O])OO,beta_scis
C[C](C)COC(C)OO>>C=C(C)C.CC([O])OO,C[C](C)COC(C)OO,C=C(C)C.CC([O])OO,beta_scis
C[C](C)COC(C)(C)OO>>C=C(C)C.CC(C)([O])OO,C[C](C)COC(C)(C)OO,C=C(C)C.CC(C)([O])OO,beta_scis
[CH2]OCCOO>>C=O.[CH2]COO,[CH2]OCCOO,C=O.[CH2]COO,beta_scis
[CH2]OCC(C)OO>>C=O.[CH2]C(C)OO,[CH2]OCC(C)OO,C=O.[CH2]C(C)OO,beta_scis
C[CH]OCCOO>>CC=O.[CH2]COO,C[CH]OCCOO,CC=O.[CH2]COO,beta_scis
C[CH]OCC(C)OO>>CC=O.[CH2]C(C)OO,C[CH]OCC(C)OO,CC=O.[CH2]C(C)OO,beta_scis
C[C](C)OCCOO>>CC(C)=O.[CH2]COO,C[C](C)OCCOO,CC(C)=O.[CH2]COO,beta_scis
[CH2]OCC(C)(C)OO>>C=O.[CH2]C(C)(C)OO,[CH2]OCC(C)(C)OO,C=O.[CH2]C(C)(C)OO,beta_scis
C[CH]OCC(C)(C)OO>>CC=O.[CH2]C(C)(C)OO,C[CH]OCC(C)(C)OO,CC=O.[CH2]C(C)(C)OO,beta_scis
C[C](C)OCC(C)OO>>CC(C)=O.[CH2]C(C)OO,C[C](C)OCC(C)OO,CC(C)=O.[CH2]C(C)OO,beta_scis
C[C](C)OCC(C)(C)OO>>CC(C)=O.[CH2]C(C)(C)OO,C[C](C)OCC(C)(C)OO,CC(C)=O.[CH2]C(C)(C)OO,beta_scis
CO[CH]CCCOO>>O=CCCCOO.[CH3],CO[CH]CCCOO,O=CCCCOO.[CH3],beta_scis
CO[CH]CCCOO>>C=COC.[CH2]COO,CO[CH]CCCOO,C=COC.[CH2]COO,beta_scis
CO[CH]CCC(C)OO>>C=COC.[CH2]C(C)OO,CO[CH]CCC(C)OO,C=COC.[CH2]C(C)OO,beta_scis
CO[CH]CCC(C)OO>>CC(CCC=O)OO.[CH3],CO[CH]CCC(C)OO,CC(CCC=O)OO.[CH3],beta_scis
CO[C](C)CCCOO>>C=C(C)OC.[CH2]COO,CO[C](C)CCCOO,C=C(C)OC.[CH2]COO,beta_scis
CO[C](C)CCCOO>>CC(=O)CCCOO.[CH3],CO[C](C)CCCOO,CC(=O)CCCOO.[CH3],beta_scis
CO[C](C)CCC(C)OO>>CC(=O)CCC(C)OO.[CH3],CO[C](C)CCC(C)OO,CC(=O)CCC(C)OO.[CH3],beta_scis
CO[C](C)CCC(C)OO>>C=C(C)OC.[CH2]C(C)OO,CO[C](C)CCC(C)OO,C=C(C)OC.[CH2]C(C)OO,beta_scis
CO[CH]CCC(C)(C)OO>>CC(C)(CCC=O)OO.[CH3],CO[CH]CCC(C)(C)OO,CC(C)(CCC=O)OO.[CH3],beta_scis
CO[CH]CCC(C)(C)OO>>C=COC.[CH2]C(C)(C)OO,CO[CH]CCC(C)(C)OO,C=COC.[CH2]C(C)(C)OO,beta_scis
CO[C](C)CCC(C)(C)OO>>C=C(C)OC.[CH2]C(C)(C)OO,CO[C](C)CCC(C)(C)OO,C=C(C)OC.[CH2]C(C)(C)OO,beta_scis
CO[C](C)CCC(C)(C)OO>>CC(=O)CCC(C)(C)OO.[CH3],CO[C](C)CCC(C)(C)OO,CC(=O)CCC(C)(C)OO.[CH3],beta_scis
[CH2]CCC(OC)OO>>C=C.[CH2]C(OC)OO,[CH2]CCC(OC)OO,C=C.[CH2]C(OC)OO,beta_scis
C[CH]CCC(OC)OO>>C=CC.[CH2]C(OC)OO,C[CH]CCC(OC)OO,C=CC.[CH2]C(OC)OO,beta_scis
[CH2]CCC(C)(OC)OO>>C=C.[CH2]C(C)(OC)OO,[CH2]CCC(C)(OC)OO,C=C.[CH2]C(C)(OC)OO,beta_scis
C[CH]CCC(C)(OC)OO>>C=CC.[CH2]C(C)(OC)OO,C[CH]CCC(C)(OC)OO,C=CC.[CH2]C(C)(OC)OO,beta_scis
COC(CC[C](C)C)OO>>C=C(C)C.[CH2]C(OC)OO,COC(CC[C](C)C)OO,C=C(C)C.[CH2]C(OC)OO,beta_scis
COC(C)(CC[C](C)C)OO>>C=C(C)C.[CH2]C(C)(OC)OO,COC(C)(CC[C](C)C)OO,C=C(C)C.[CH2]C(C)(OC)OO,beta_scis
[CH2]CCOCOO>>C=C.[CH2]OCOO,[CH2]CCOCOO,C=C.[CH2]OCOO,beta_scis
[CH2]CCOC(C)OO>>C=C.[CH2]OC(C)OO,[CH2]CCOC(C)OO,C=C.[CH2]OC(C)OO,beta_scis
C[CH]CCOCOO>>C=CC.[CH2]OCOO,C[CH]CCOCOO,C=CC.[CH2]OCOO,beta_scis
C[CH]CCOC(C)OO>>C=CC.[CH2]OC(C)OO,C[CH]CCOC(C)OO,C=CC.[CH2]OC(C)OO,beta_scis
C[C](C)CCOCOO>>C=C(C)C.[CH2]OCOO,C[C](C)CCOCOO,C=C(C)C.[CH2]OCOO,beta_scis
[CH2]CCOC(C)(C)OO>>C=C.[CH2]OC(C)(C)OO,[CH2]CCOC(C)(C)OO,C=C.[CH2]OC(C)(C)OO,beta_scis
C[CH]CCOC(C)(C)OO>>C=CC.[CH2]OC(C)(C)OO,C[CH]CCOC(C)(C)OO,C=CC.[CH2]OC(C)(C)OO,beta_scis
C[C](C)CCOC(C)OO>>C=C(C)C.[CH2]OC(C)OO,C[C](C)CCOC(C)OO,C=C(C)C.[CH2]OC(C)OO,beta_scis
C[C](C)CCOC(C)(C)OO>>C=C(C)C.[CH2]OC(C)(C)OO,C[C](C)CCOC(C)(C)OO,C=C(C)C.[CH2]OC(C)(C)OO,beta_scis
[CH2]COCCOO>>C=C.[O]CCOO,[CH2]COCCOO,C=C.[O]CCOO,beta_scis
[CH2]COCC(C)OO>>C=C.CC(C[O])OO,[CH2]COCC(C)OO,C=C.CC(C[O])OO,beta_scis
C[CH]COCCOO>>C=CC.[O]CCOO,C[CH]COCCOO,C=CC.[O]CCOO,beta_scis
C[CH]COCC(C)OO>>C=CC.CC(C[O])OO,C[CH]COCC(C)OO,C=CC.CC(C[O])OO,beta_scis
C[C](C)COCCOO>>C=C(C)C.[O]CCOO,C[C](C)COCCOO,C=C(C)C.[O]CCOO,beta_scis
[CH2]COCC(C)(C)OO>>C=C.CC(C)(C[O])OO,[CH2]COCC(C)(C)OO,C=C.CC(C)(C[O])OO,beta_scis
C[CH]COCC(C)(C)OO>>C=CC.CC(C)(C[O])OO,C[CH]COCC(C)(C)OO,C=CC.CC(C)(C[O])OO,beta_scis
C[C](C)COCC(C)OO>>C=C(C)C.CC(C[O])OO,C[C](C)COCC(C)OO,C=C(C)C.CC(C[O])OO,beta_scis
C[C](C)COCC(C)(C)OO>>C=C(C)C.CC(C)(C[O])OO,C[C](C)COCC(C)(C)OO,C=C(C)C.CC(C)(C[O])OO,beta_scis
[CH2]OCCCOO>>C=O.[CH2]CCOO,[CH2]OCCCOO,C=O.[CH2]CCOO,beta_scis
[CH2]OCCC(C)OO>>C=O.[CH2]CC(C)OO,[CH2]OCCC(C)OO,C=O.[CH2]CC(C)OO,beta_scis
C[CH]OCCCOO>>CC=O.[CH2]CCOO,C[CH]OCCCOO,CC=O.[CH2]CCOO,beta_scis
C[CH]OCCC(C)OO>>CC=O.[CH2]CC(C)OO,C[CH]OCCC(C)OO,CC=O.[CH2]CC(C)OO,beta_scis
C[C](C)OCCCOO>>CC(C)=O.[CH2]CCOO,C[C](C)OCCCOO,CC(C)=O.[CH2]CCOO,beta_scis
[CH2]OCCC(C)(C)OO>>C=O.[CH2]CC(C)(C)OO,[CH2]OCCC(C)(C)OO,C=O.[CH2]CC(C)(C)OO,beta_scis
C[CH]OCCC(C)(C)OO>>CC=O.[CH2]CC(C)(C)OO,C[CH]OCCC(C)(C)OO,CC=O.[CH2]CC(C)(C)OO,beta_scis
C[C](C)OCCC(C)OO>>CC(C)=O.[CH2]CC(C)OO,C[C](C)OCCC(C)OO,CC(C)=O.[CH2]CC(C)OO,beta_scis
C[C](C)OCCC(C)(C)OO>>CC(C)=O.[CH2]CC(C)(C)OO,C[C](C)OCCC(C)(C)OO,CC(C)=O.[CH2]CC(C)(C)OO,beta_scis
CO[CH]CCCCOO>>C=COC.[CH2]CCOO,CO[CH]CCCCOO,C=COC.[CH2]CCOO,beta_scis
CO[CH]CCCCOO>>O=CCCCCOO.[CH3],CO[CH]CCCCOO,O=CCCCCOO.[CH3],beta_scis
CO[CH]CCCC(C)OO>>C=COC.[CH2]CC(C)OO,CO[CH]CCCC(C)OO,C=COC.[CH2]CC(C)OO,beta_scis
CO[CH]CCCC(C)OO>>CC(CCCC=O)OO.[CH3],CO[CH]CCCC(C)OO,CC(CCCC=O)OO.[CH3],beta_scis
CO[C](C)CCCCOO>>CC(=O)CCCCOO.[CH3],CO[C](C)CCCCOO,CC(=O)CCCCOO.[CH3],beta_scis
CO[C](C)CCCCOO>>C=C(C)OC.[CH2]CCOO,CO[C](C)CCCCOO,C=C(C)OC.[CH2]CCOO,beta_scis
CO[C](C)CCCC(C)OO>>C=C(C)OC.[CH2]CC(C)OO,CO[C](C)CCCC(C)OO,C=C(C)OC.[CH2]CC(C)OO,beta_scis
CO[C](C)CCCC(C)OO>>CC(=O)CCCC(C)OO.[CH3],CO[C](C)CCCC(C)OO,CC(=O)CCCC(C)OO.[CH3],beta_scis
CO[CH]CCCC(C)(C)OO>>CC(C)(CCCC=O)OO.[CH3],CO[CH]CCCC(C)(C)OO,CC(C)(CCCC=O)OO.[CH3],beta_scis
CO[CH]CCCC(C)(C)OO>>C=COC.[CH2]CC(C)(C)OO,CO[CH]CCCC(C)(C)OO,C=COC.[CH2]CC(C)(C)OO,beta_scis
CO[C](C)CCCC(C)(C)OO>>CC(=O)CCCC(C)(C)OO.[CH3],CO[C](C)CCCC(C)(C)OO,CC(=O)CCCC(C)(C)OO.[CH3],beta_scis
CO[C](C)CCCC(C)(C)OO>>C=C(C)OC.[CH2]CC(C)(C)OO,CO[C](C)CCCC(C)(C)OO,C=C(C)OC.[CH2]CC(C)(C)OO,beta_scis
[CH2]CCCC(OC)OO>>C=C.[CH2]CC(OC)OO,[CH2]CCCC(OC)OO,C=C.[CH2]CC(OC)OO,beta_scis
C[CH]CCCC(OC)OO>>C=CC.[CH2]CC(OC)OO,C[CH]CCCC(OC)OO,C=CC.[CH2]CC(OC)OO,beta_scis
[CH2]CCCC(C)(OC)OO>>C=C.[CH2]CC(C)(OC)OO,[CH2]CCCC(C)(OC)OO,C=C.[CH2]CC(C)(OC)OO,beta_scis
C[CH]CCCC(C)(OC)OO>>C=CC.[CH2]CC(C)(OC)OO,C[CH]CCCC(C)(OC)OO,C=CC.[CH2]CC(C)(OC)OO,beta_scis
COC(C)(CCC[C](C)C)OO>>C=C(C)C.[CH2]CC(C)(OC)OO,COC(C)(CCC[C](C)C)OO,C=C(C)C.[CH2]CC(C)(OC)OO,beta_scis
COC(CCC[C](C)C)OO>>C=C(C)C.[CH2]CC(OC)OO,COC(CCC[C](C)C)OO,C=C(C)C.[CH2]CC(OC)OO,beta_scis
[O]OC(OC)C>>C=COC.[O]O,[O]OC(OC)C,C=COC.[O]O,olefin_formation
[O]OCCOC>>C=COC.[O]O,[O]OCCOC,C=COC.[O]O,olefin_formation
[O]OC(C)(OC)C>>C=C(C)OC.[O]O,[O]OC(C)(OC)C,C=C(C)OC.[O]O,olefin_formation
[O]OCC(C)OC>>C=C(C)OC.[O]O,[O]OCC(C)OC,C=C(C)OC.[O]O,olefin_formation
[O]OC(CC)OC>>CC=COC.[O]O,[O]OC(CC)OC,CC=COC.[O]O,olefin_formation
[O]OC(C)COC>>CC=COC.[O]O,[O]OC(C)COC,CC=COC.[O]O,olefin_formation
[O]OC(C)COC>>C=CCOC.[O]O,[O]OC(C)COC,C=CCOC.[O]O,olefin_formation
[O]OC(OC)(C)CC>>CC=C(C)OC.[O]O,[O]OC(OC)(C)CC,CC=C(C)OC.[O]O,olefin_formation
[O]OC(OC)(C)CC>>C=C(CC)OC.[O]O,[O]OC(OC)(C)CC,C=C(CC)OC.[O]O,olefin_formation
[O]OC(OC)C(C)C>>COC=C(C)C.[O]O,[O]OC(OC)C(C)C,COC=C(C)C.[O]O,olefin_formation
[O]OC(C)C(C)OC>>CC=C(C)OC.[O]O,[O]OC(C)C(C)OC,CC=C(C)OC.[O]O,olefin_formation
[O]OC(C)C(C)OC>>C=CC(C)OC.[O]O,[O]OC(C)C(C)OC,C=CC(C)OC.[O]O,olefin_formation
[O]OC(C)(C)COC>>C=C(C)COC.[O]O,[O]OC(C)(C)COC,C=C(C)COC.[O]O,olefin_formation
[O]OC(C)(C)COC>>COC=C(C)C.[O]O,[O]OC(C)(C)COC,COC=C(C)C.[O]O,olefin_formation
[O]OC(C)(OC)C(C)C>>COC(C)=C(C)C.[O]O,[O]OC(C)(OC)C(C)C,COC(C)=C(C)C.[O]O,olefin_formation
[O]OC(C)(OC)C(C)C>>C=C(OC)C(C)C.[O]O,[O]OC(C)(OC)C(C)C,C=C(OC)C(C)C.[O]O,olefin_formation
[O]OC(C)(C)C(C)OC>>C=C(C)C(C)OC.[O]O,[O]OC(C)(C)C(C)OC,C=C(C)C(C)OC.[O]O,olefin_formation
[O]OC(C)(C)C(C)OC>>COC(C)=C(C)C.[O]O,[O]OC(C)(C)C(C)OC,COC(C)=C(C)C.[O]O,olefin_formation
COC(C)O[O]>>C=COC.[O]O,COC(C)O[O],C=COC.[O]O,olefin_formation
COC(C)(C)O[O]>>C=C(C)OC.[O]O,COC(C)(C)O[O],C=C(C)OC.[O]O,olefin_formation
CC(O[O])OCC>>C=COCC.[O]O,CC(O[O])OCC,C=COCC.[O]O,olefin_formation
CC(C)OC(C)O[O]>>C=COC(C)C.[O]O,CC(C)OC(C)O[O],C=COC(C)C.[O]O,olefin_formation
CCOC(C)(C)O[O]>>C=C(C)OCC.[O]O,CCOC(C)(C)O[O],C=C(C)OCC.[O]O,olefin_formation
CC(C)OC(C)(C)O[O]>>C=C(C)OC(C)C.[O]O,CC(C)OC(C)(C)O[O],C=C(C)OC(C)C.[O]O,olefin_formation
COCCCO[O]>>C=CCOC.[O]O,COCCCO[O],C=CCOC.[O]O,olefin_formation
COC(C)CCO[O]>>C=CC(C)OC.[O]O,COC(C)CCO[O],C=CC(C)OC.[O]O,olefin_formation
COCCC(C)O[O]>>CC=CCOC.[O]O,COCCC(C)O[O],CC=CCOC.[O]O,olefin_formation
COCCC(C)O[O]>>C=CCCOC.[O]O,COCCC(C)O[O],C=CCCOC.[O]O,olefin_formation
COC(C)CC(C)O[O]>>C=CCC(C)OC.[O]O,COC(C)CC(C)O[O],C=CCC(C)OC.[O]O,olefin_formation
COC(C)CC(C)O[O]>>CC=CC(C)OC.[O]O,COC(C)CC(C)O[O],CC=CC(C)OC.[O]O,olefin_formation
COCCC(C)(C)O[O]>>C=C(C)CCOC.[O]O,COCCC(C)(C)O[O],C=C(C)CCOC.[O]O,olefin_formation
COCCC(C)(C)O[O]>>COCC=C(C)C.[O]O,COCCC(C)(C)O[O],COCC=C(C)C.[O]O,olefin_formation
COC(C)CC(C)(O[O])C>>C=C(C)CC(C)OC.[O]O,COC(C)CC(C)(O[O])C,C=C(C)CC(C)OC.[O]O,olefin_formation
COC(C)CC(C)(O[O])C>>COC(C)C=C(C)C.[O]O,COC(C)CC(C)(O[O])C,COC(C)C=C(C)C.[O]O,olefin_formation
CCC(OC)O[O]>>CC=COC.[O]O,CCC(OC)O[O],CC=COC.[O]O,olefin_formation
COC(O[O])CCC>>CCC=COC.[O]O,COC(O[O])CCC,CCC=COC.[O]O,olefin_formation
CC[C@@](OC)(C)O[O]>>CC=C(C)OC.[O]O,CC[C@@](OC)(C)O[O],CC=C(C)OC.[O]O,olefin_formation
CC[C@@](OC)(C)O[O]>>C=C(CC)OC.[O]O,CC[C@@](OC)(C)O[O],C=C(CC)OC.[O]O,olefin_formation
COC(C)(O[O])CCC>>CCC=C(C)OC.[O]O,COC(C)(O[O])CCC,CCC=C(C)OC.[O]O,olefin_formation
COC(C)(O[O])CCC>>C=C(CCC)OC.[O]O,COC(C)(O[O])CCC,C=C(CCC)OC.[O]O,olefin_formation
COC(O[O])CC(C)C>>COC=CC(C)C.[O]O,COC(O[O])CC(C)C,COC=CC(C)C.[O]O,olefin_formation
COC(C)(O[O])CC(C)C>>COC(C)=CC(C)C.[O]O,COC(C)(O[O])CC(C)C,COC(C)=CC(C)C.[O]O,olefin_formation
COC(C)(O[O])CC(C)C>>C=C(CC(C)C)OC.[O]O,COC(C)(O[O])CC(C)C,C=C(CC(C)C)OC.[O]O,olefin_formation
[O]OC(C)OCC>>C=COCC.[O]O,[O]OC(C)OCC,C=COCC.[O]O,olefin_formation
[O]OC(C)OCCC>>C=COCCC.[O]O,[O]OC(C)OCCC,C=COCCC.[O]O,olefin_formation
[O]OC(C)(C)OCC>>C=C(C)OCC.[O]O,[O]OC(C)(C)OCC,C=C(C)OCC.[O]O,olefin_formation
[O]OC(C)(C)OCCC>>C=C(C)OCCC.[O]O,[O]OC(C)(C)OCCC,C=C(C)OCCC.[O]O,olefin_formation
[O]OC(C)OCC(C)C>>C=COCC(C)C.[O]O,[O]OC(C)OCC(C)C,C=COCC(C)C.[O]O,olefin_formation
[O]OC(C)(C)OCC(C)C>>C=C(C)OCC(C)C.[O]O,[O]OC(C)(C)OCC(C)C,C=C(C)OCC(C)C.[O]O,olefin_formation
[O]OCCOCC>>C=COCC.[O]O,[O]OCCOCC,C=COCC.[O]O,olefin_formation
[O]OC(C)COCC>>C=CCOCC.[O]O,[O]OC(C)COCC,C=CCOCC.[O]O,olefin_formation
[O]OC(C)COCC>>CC=COCC.[O]O,[O]OC(C)COCC,CC=COCC.[O]O,olefin_formation
[O]OCCOC(C)C>>C=COC(C)C.[O]O,[O]OCCOC(C)C,C=COC(C)C.[O]O,olefin_formation
[O]OC(C)(C)COCC>>C=C(C)COCC.[O]O,[O]OC(C)(C)COCC,C=C(C)COCC.[O]O,olefin_formation
[O]OC(C)(C)COCC>>CCOC=C(C)C.[O]O,[O]OC(C)(C)COCC,CCOC=C(C)C.[O]O,olefin_formation
[O]OC(C)COC(C)C>>CC=COC(C)C.[O]O,[O]OC(C)COC(C)C,CC=COC(C)C.[O]O,olefin_formation
[O]OC(C)COC(C)C>>C=CCOC(C)C.[O]O,[O]OC(C)COC(C)C,C=CCOC(C)C.[O]O,olefin_formation
[O]OC(C)(C)COC(C)C>>C=C(C)COC(C)C.[O]O,[O]OC(C)(C)COC(C)C,C=C(C)COC(C)C.[O]O,olefin_formation
[O]OC(C)(C)COC(C)C>>CC(C)=COC(C)C.[O]O,[O]OC(C)(C)COC(C)C,CC(C)=COC(C)C.[O]O,olefin_formation
[O]OCCCCOC>>C=CCCOC.[O]O,[O]OCCCCOC,C=CCCOC.[O]O,olefin_formation
[O]OC(C)CCCOC>>CC=CCCOC.[O]O,[O]OC(C)CCCOC,CC=CCCOC.[O]O,olefin_formation
[O]OC(C)CCCOC>>C=CCCCOC.[O]O,[O]OC(C)CCCOC,C=CCCCOC.[O]O,olefin_formation
[O]OCCCC(C)OC>>C=CCC(C)OC.[O]O,[O]OCCCC(C)OC,C=CCC(C)OC.[O]O,olefin_formation
[O]OC(C)CCC(C)OC>>C=CCCC(C)OC.[O]O,[O]OC(C)CCC(C)OC,C=CCCC(C)OC.[O]O,olefin_formation
[O]OC(C)CCC(C)OC>>CC=CCC(C)OC.[O]O,[O]OC(C)CCC(C)OC,CC=CCC(C)OC.[O]O,olefin_formation
[O]OC(C)(C)CCCOC>>C=C(C)CCCOC.[O]O,[O]OC(C)(C)CCCOC,C=C(C)CCCOC.[O]O,olefin_formation
[O]OC(C)(C)CCCOC>>COCCC=C(C)C.[O]O,[O]OC(C)(C)CCCOC,COCCC=C(C)C.[O]O,olefin_formation
[O]OC(C)(C)CCC(C)OC>>COC(C)CC=C(C)C.[O]O,[O]OC(C)(C)CCC(C)OC,COC(C)CC=C(C)C.[O]O,olefin_formation
[O]OC(C)(C)CCC(C)OC>>C=C(C)CCC(C)OC.[O]O,[O]OC(C)(C)CCC(C)OC,C=C(C)CCC(C)OC.[O]O,olefin_formation
[O]OC(OC)CCC>>CCC=COC.[O]O,[O]OC(OC)CCC,CCC=COC.[O]O,olefin_formation
[O]OC(OC)CCCC>>CCCC=COC.[O]O,[O]OC(OC)CCCC,CCCC=COC.[O]O,olefin_formation
[O]OC(OC)(C)CCC>>CCC=C(C)OC.[O]O,[O]OC(OC)(C)CCC,CCC=C(C)OC.[O]O,olefin_formation
[O]OC(OC)(C)CCC>>C=C(CCC)OC.[O]O,[O]OC(OC)(C)CCC,C=C(CCC)OC.[O]O,olefin_formation
[O]OC(OC)(C)CCCC>>C=C(CCCC)OC.[O]O,[O]OC(OC)(C)CCCC,C=C(CCCC)OC.[O]O,olefin_formation
[O]OC(OC)(C)CCCC>>CCCC=C(C)OC.[O]O,[O]OC(OC)(C)CCCC,CCCC=C(C)OC.[O]O,olefin_formation
[O]OC(OC)CCC(C)C>>COC=CCC(C)C.[O]O,[O]OC(OC)CCC(C)C,COC=CCC(C)C.[O]O,olefin_formation
[O]OC(OC)(C)CCC(C)C>>COC(C)=CCC(C)C.[O]O,[O]OC(OC)(C)CCC(C)C,COC(C)=CCC(C)C.[O]O,olefin_formation
[O]OC(OC)(C)CCC(C)C>>C=C(CCC(C)C)OC.[O]O,[O]OC(OC)(C)CCC(C)C,C=C(CCC(C)C)OC.[O]O,olefin_formation
[O]OC(C)OCCCC>>C=COCCCC.[O]O,[O]OC(C)OCCCC,C=COCCCC.[O]O,olefin_formation
[O]OC(C)(C)OCCCC>>C=C(C)OCCCC.[O]O,[O]OC(C)(C)OCCCC,C=C(C)OCCCC.[O]O,olefin_formation
[O]OC(C)OCCC(C)C>>C=COCCC(C)C.[O]O,[O]OC(C)OCCC(C)C,C=COCCC(C)C.[O]O,olefin_formation
[O]OC(C)(C)OCCC(C)C>>C=C(C)OCCC(C)C.[O]O,[O]OC(C)(C)OCCC(C)C,C=C(C)OCCC(C)C.[O]O,olefin_formation
[O]OCCOCCC>>C=COCCC.[O]O,[O]OCCOCCC,C=COCCC.[O]O,olefin_formation
[O]OC(C)COCCC>>C=CCOCCC.[O]O,[O]OC(C)COCCC,C=CCOCCC.[O]O,olefin_formation
[O]OC(C)COCCC>>CC=COCCC.[O]O,[O]OC(C)COCCC,CC=COCCC.[O]O,olefin_formation
[O]OCCOCC(C)C>>C=COCC(C)C.[O]O,[O]OCCOCC(C)C,C=COCC(C)C.[O]O,olefin_formation
[O]OC(C)(C)COCCC>>C=C(C)COCCC.[O]O,[O]OC(C)(C)COCCC,C=C(C)COCCC.[O]O,olefin_formation
[O]OC(C)(C)COCCC>>CCCOC=C(C)C.[O]O,[O]OC(C)(C)COCCC,CCCOC=C(C)C.[O]O,olefin_formation
[O]OC(C)COCC(C)C>>C=CCOCC(C)C.[O]O,[O]OC(C)COCC(C)C,C=CCOCC(C)C.[O]O,olefin_formation
[O]OC(C)COCC(C)C>>CC=COCC(C)C.[O]O,[O]OC(C)COCC(C)C,CC=COCC(C)C.[O]O,olefin_formation
[O]OC(C)(C)COCC(C)C>>CC(C)=COCC(C)C.[O]O,[O]OC(C)(C)COCC(C)C,CC(C)=COCC(C)C.[O]O,olefin_formation
[O]OC(C)(C)COCC(C)C>>C=C(C)COCC(C)C.[O]O,[O]OC(C)(C)COCC(C)C,C=C(C)COCC(C)C.[O]O,olefin_formation
[O]OCCCOC>>C=CCOC.[O]O,[O]OCCCOC,C=CCOC.[O]O,olefin_formation
[O]OC(C)CCOC>>CC=CCOC.[O]O,[O]OC(C)CCOC,CC=CCOC.[O]O,olefin_formation
[O]OC(C)CCOC>>C=CCCOC.[O]O,[O]OC(C)CCOC,C=CCCOC.[O]O,olefin_formation
[O]OCCCOCC>>C=CCOCC.[O]O,[O]OCCCOCC,C=CCOCC.[O]O,olefin_formation
[O]OC(C)CCOCC>>C=CCCOCC.[O]O,[O]OC(C)CCOCC,C=CCCOCC.[O]O,olefin_formation
[O]OC(C)CCOCC>>CC=CCOCC.[O]O,[O]OC(C)CCOCC,CC=CCOCC.[O]O,olefin_formation
[O]OCCCOC(C)C>>C=CCOC(C)C.[O]O,[O]OCCCOC(C)C,C=CCOC(C)C.[O]O,olefin_formation
[O]OC(C)(C)CCOC>>C=C(C)CCOC.[O]O,[O]OC(C)(C)CCOC,C=C(C)CCOC.[O]O,olefin_formation
[O]OC(C)(C)CCOC>>COCC=C(C)C.[O]O,[O]OC(C)(C)CCOC,COCC=C(C)C.[O]O,olefin_formation
[O]OC(C)(C)CCOCC>>C=C(C)CCOCC.[O]O,[O]OC(C)(C)CCOCC,C=C(C)CCOCC.[O]O,olefin_formation
[O]OC(C)(C)CCOCC>>CCOCC=C(C)C.[O]O,[O]OC(C)(C)CCOCC,CCOCC=C(C)C.[O]O,olefin_formation
[O]OC(C)CCOC(C)C>>CC=CCOC(C)C.[O]O,[O]OC(C)CCOC(C)C,CC=CCOC(C)C.[O]O,olefin_formation
[O]OC(C)CCOC(C)C>>C=CCCOC(C)C.[O]O,[O]OC(C)CCOC(C)C,C=CCCOC(C)C.[O]O,olefin_formation
[O]OC(C)(C)CCOC(C)C>>C=C(C)CCOC(C)C.[O]O,[O]OC(C)(C)CCOC(C)C,C=C(C)CCOC(C)C.[O]O,olefin_formation
[O]OC(C)(C)CCOC(C)C>>CC(C)=CCOC(C)C.[O]O,[O]OC(C)(C)CCOC(C)C,CC(C)=CCOC(C)C.[O]O,olefin_formation
[O]OCCCCCOC>>C=CCCCOC.[O]O,[O]OCCCCCOC,C=CCCCOC.[O]O,olefin_formation
[O]OC(C)CCCCOC>>CC=CCCCOC.[O]O,[O]OC(C)CCCCOC,CC=CCCCOC.[O]O,olefin_formation
[O]OC(C)CCCCOC>>C=CCCCCOC.[O]O,[O]OC(C)CCCCOC,C=CCCCCOC.[O]O,olefin_formation
[O]OCCCCC(C)OC>>C=CCCC(C)OC.[O]O,[O]OCCCCC(C)OC,C=CCCC(C)OC.[O]O,olefin_formation
[O]OC(C)CCCC(C)OC>>C=CCCCC(C)OC.[O]O,[O]OC(C)CCCC(C)OC,C=CCCCC(C)OC.[O]O,olefin_formation
[O]OC(C)CCCC(C)OC>>CC=CCCC(C)OC.[O]O,[O]OC(C)CCCC(C)OC,CC=CCCC(C)OC.[O]O,olefin_formation
[O]OC(C)(C)CCCCOC>>C=C(C)CCCCOC.[O]O,[O]OC(C)(C)CCCCOC,C=C(C)CCCCOC.[O]O,olefin_formation
[O]OC(C)(C)CCCCOC>>COCCCC=C(C)C.[O]O,[O]OC(C)(C)CCCCOC,COCCCC=C(C)C.[O]O,olefin_formation
[O]OC(C)(C)CCCC(C)OC>>C=C(C)CCCC(C)OC.[O]O,[O]OC(C)(C)CCCC(C)OC,C=C(C)CCCC(C)OC.[O]O,olefin_formation
[O]OC(C)(C)CCCC(C)OC>>COC(C)CCC=C(C)C.[O]O,[O]OC(C)(C)CCCC(C)OC,COC(C)CCC=C(C)C.[O]O,olefin_formation
[O]OC(CCCC)OC>>CCCC=COC.[O]O,[O]OC(CCCC)OC,CCCC=COC.[O]O,olefin_formation
[O]OC(CCCCC)OC>>CCCCC=COC.[O]O,[O]OC(CCCCC)OC,CCCCC=COC.[O]O,olefin_formation
[O]OC(C)(CCCC)OC>>C=C(CCCC)OC.[O]O,[O]OC(C)(CCCC)OC,C=C(CCCC)OC.[O]O,olefin_formation
[O]OC(C)(CCCC)OC>>CCCC=C(C)OC.[O]O,[O]OC(C)(CCCC)OC,CCCC=C(C)OC.[O]O,olefin_formation
[O]OC(C)(CCCCC)OC>>C=C(CCCCC)OC.[O]O,[O]OC(C)(CCCCC)OC,C=C(CCCCC)OC.[O]O,olefin_formation
[O]OC(C)(CCCCC)OC>>CCCCC=C(C)OC.[O]O,[O]OC(C)(CCCCC)OC,CCCCC=C(C)OC.[O]O,olefin_formation
[O]OC(C)(CCCC(C)C)OC>>COC(C)=CCCC(C)C.[O]O,[O]OC(C)(CCCC(C)C)OC,COC(C)=CCCC(C)C.[O]O,olefin_formation
[O]OC(C)(CCCC(C)C)OC>>C=C(CCCC(C)C)OC.[O]O,[O]OC(C)(CCCC(C)C)OC,C=C(CCCC(C)C)OC.[O]O,olefin_formation
[O]OC(CCCC(C)C)OC>>COC=CCCC(C)C.[O]O,[O]OC(CCCC(C)C)OC,COC=CCCC(C)C.[O]O,olefin_formation
[CH2]C(OC)OO.O=O>>COC(CO[O])OO,[CH2]C(OC)OO.O=O,COC(CO[O])OO,qooh_to_o2qooh
CO[CH]COO.O=O>>COC(COO)O[O],CO[CH]COO.O=O,COC(COO)O[O],qooh_to_o2qooh
[CH2]C(C)(OC)OO.O=O>>COC(C)(CO[O])OO,[CH2]C(C)(OC)OO.O=O,COC(C)(CO[O])OO,qooh_to_o2qooh
CO[C](C)COO.O=O>>COC(C)(COO)O[O],CO[C](C)COO.O=O,COC(C)(COO)O[O],qooh_to_o2qooh
C[CH]C(OC)OO.O=O>>COC(OO)C(C)O[O],C[CH]C(OC)OO.O=O,COC(OO)C(C)O[O],qooh_to_o2qooh
CO[CH]C(C)OO.O=O>>COC(O[O])C(C)OO,CO[CH]C(C)OO.O=O,COC(O[O])C(C)OO,qooh_to_o2qooh
[CH2]C(COC)OO.O=O>>COCC(CO[O])OO,[CH2]C(COC)OO.O=O,COCC(CO[O])OO,qooh_to_o2qooh
C[CH]C(C)(OC)OO.O=O>>COC(C)(OO)C(C)O[O],C[CH]C(C)(OC)OO.O=O,COC(C)(OO)C(C)O[O],qooh_to_o2qooh
[CH2]C(CC)(OC)OO.O=O>>CCC(CO[O])(OC)OO,[CH2]C(CC)(OC)OO.O=O,CCC(CO[O])(OC)OO,qooh_to_o2qooh
COC(OO)[C](C)C.O=O>>COC(OO)C(C)(C)O[O],COC(OO)[C](C)C.O=O,COC(OO)C(C)(C)O[O],qooh_to_o2qooh
[CH2]C(OO)C(C)OC.O=O>>COC(C)C(CO[O])OO,[CH2]C(OO)C(C)OC.O=O,COC(C)C(CO[O])OO,qooh_to_o2qooh
CO[C](C)C(C)OO.O=O>>COC(C)(O[O])C(C)OO,CO[C](C)C(C)OO.O=O,COC(C)(O[O])C(C)OO,qooh_to_o2qooh
CO[CH]C(C)(C)OO.O=O>>COC(O[O])C(C)(C)OO,CO[CH]C(C)(C)OO.O=O,COC(O[O])C(C)(C)OO,qooh_to_o2qooh
[CH2]C(C)(COC)OO.O=O>>COCC(C)(CO[O])OO,[CH2]C(C)(COC)OO.O=O,COCC(C)(CO[O])OO,qooh_to_o2qooh
[CH2]C(OC)(OO)C(C)C.O=O>>COC(CO[O])(OO)C(C)C,[CH2]C(OC)(OO)C(C)C.O=O,COC(CO[O])(OO)C(C)C,qooh_to_o2qooh
COC(C)(OO)[C](C)C.O=O>>COC(C)(OO)C(C)(C)O[O],COC(C)(OO)[C](C)C.O=O,COC(C)(OO)C(C)(C)O[O],qooh_to_o2qooh
CO[C](C)C(C)(C)OO.O=O>>COC(C)(O[O])C(C)(C)OO,CO[C](C)C(C)(C)OO.O=O,COC(C)(O[O])C(C)(C)OO,qooh_to_o2qooh
[CH2]C(C)(OO)C(C)OC.O=O>>COC(C)C(C)(CO[O])OO,[CH2]C(C)(OO)C(C)OC.O=O,COC(C)C(C)(CO[O])OO,qooh_to_o2qooh
[CH2]OCOO.O=O>>[O]OCOCOO,[CH2]OCOO.O=O,[O]OCOCOO,qooh_to_o2qooh
C[CH]OCOO.O=O>>CC(O[O])OCOO,C[CH]OCOO.O=O,CC(O[O])OCOO,qooh_to_o2qooh
[CH2]OC(C)OO.O=O>>CC(OO)OCO[O],[CH2]OC(C)OO.O=O,CC(OO)OCO[O],qooh_to_o2qooh
C[C](C)OCOO.O=O>>CC(C)(O[O])OCOO,C[C](C)OCOO.O=O,CC(C)(O[O])OCOO,qooh_to_o2qooh
[CH2]OC(C)(C)OO.O=O>>CC(C)(OO)OCO[O],[CH2]OC(C)(C)OO.O=O,CC(C)(OO)OCO[O],qooh_to_o2qooh
C[CH]OC(C)OO.O=O>>CC(O[O])OC(C)OO,C[CH]OC(C)OO.O=O,CC(O[O])OC(C)OO,qooh_to_o2qooh
C[C](C)OC(C)OO.O=O>>CC(OO)OC(C)(C)O[O],C[C](C)OC(C)OO.O=O,CC(OO)OC(C)(C)O[O],qooh_to_o2qooh
C[CH]OC(C)(C)OO.O=O>>CC(O[O])OC(C)(C)OO,C[CH]OC(C)(C)OO.O=O,CC(O[O])OC(C)(C)OO,qooh_to_o2qooh
C[C](C)OC(C)(C)OO.O=O>>CC(C)(O[O])OC(C)(C)OO,C[C](C)OC(C)(C)OO.O=O,CC(C)(O[O])OC(C)(C)OO,qooh_to_o2qooh
CO[CH]CCOO.O=O>>COC(CCOO)O[O],CO[CH]CCOO.O=O,COC(CCOO)O[O],qooh_to_o2qooh
CO[C](C)CCOO.O=O>>COC(C)(CCOO)O[O],CO[C](C)CCOO.O=O,COC(C)(CCOO)O[O],qooh_to_o2qooh
CO[CH]CC(C)OO.O=O>>COC(CC(C)OO)O[O],CO[CH]CC(C)OO.O=O,COC(CC(C)OO)O[O],qooh_to_o2qooh
CO[C](C)CC(C)OO.O=O>>COC(C)(CC(C)OO)O[O],CO[C](C)CC(C)OO.O=O,COC(C)(CC(C)OO)O[O],qooh_to_o2qooh
CO[CH]CC(C)(C)OO.O=O>>COC(CC(C)(C)OO)O[O],CO[CH]CC(C)(C)OO.O=O,COC(CC(C)(C)OO)O[O],qooh_to_o2qooh
CO[C](C)CC(C)(C)OO.O=O>>COC(C)(CC(C)(C)OO)O[O],CO[C](C)CC(C)(C)OO.O=O,COC(C)(CC(C)(C)OO)O[O],qooh_to_o2qooh
[CH2]CC(OC)OO.O=O>>COC(CCO[O])OO,[CH2]CC(OC)OO.O=O,COC(CCO[O])OO,qooh_to_o2qooh
C[CH]CC(OC)OO.O=O>>COC(CC(C)O[O])OO,C[CH]CC(OC)OO.O=O,COC(CC(C)O[O])OO,qooh_to_o2qooh
[CH2]C[C@](C)(OC)OO.O=O>>CO[C@@](C)(CCO[O])OO,[CH2]C[C@](C)(OC)OO.O=O,CO[C@@](C)(CCO[O])OO,qooh_to_o2qooh
C[CH]CC(C)(OC)OO.O=O>>COC(C)(CC(C)O[O])OO,C[CH]CC(C)(OC)OO.O=O,COC(C)(CC(C)O[O])OO,qooh_to_o2qooh
COC(C[C](C)C)OO.O=O>>COC(CC(C)(C)O[O])OO,COC(C[C](C)C)OO.O=O,COC(CC(C)(C)O[O])OO,qooh_to_o2qooh
COC(C)(C[C](C)C)OO.O=O>>COC(C)(CC(C)(C)O[O])OO,COC(C)(C[C](C)C)OO.O=O,COC(C)(CC(C)(C)O[O])OO,qooh_to_o2qooh
[CH2]COCOO.O=O>>[O]OCCOCOO,[CH2]COCOO.O=O,[O]OCCOCOO,qooh_to_o2qooh
[CH2]COC(C)OO.O=O>>CC(OO)OCCO[O],[CH2]COC(C)OO.O=O,CC(OO)OCCO[O],qooh_to_o2qooh
C[CH]COCOO.O=O>>CC(COCOO)O[O],C[CH]COCOO.O=O,CC(COCOO)O[O],qooh_to_o2qooh
C[CH]COC(C)OO.O=O>>CC(COC(C)OO)O[O],C[CH]COC(C)OO.O=O,CC(COC(C)OO)O[O],qooh_to_o2qooh
C[C](C)COCOO.O=O>>CC(C)(COCOO)O[O],C[C](C)COCOO.O=O,CC(C)(COCOO)O[O],qooh_to_o2qooh
[CH2]COC(C)(C)OO.O=O>>CC(C)(OO)OCCO[O],[CH2]COC(C)(C)OO.O=O,CC(C)(OO)OCCO[O],qooh_to_o2qooh
C[CH]COC(C)(C)OO.O=O>>CC(COC(C)(C)OO)O[O],C[CH]COC(C)(C)OO.O=O,CC(COC(C)(C)OO)O[O],qooh_to_o2qooh
C[C](C)COC(C)OO.O=O>>CC(OO)OCC(C)(C)O[O],C[C](C)COC(C)OO.O=O,CC(OO)OCC(C)(C)O[O],qooh_to_o2qooh
C[C](C)COC(C)(C)OO.O=O>>CC(C)(COC(C)(C)OO)O[O],C[C](C)COC(C)(C)OO.O=O,CC(C)(COC(C)(C)OO)O[O],qooh_to_o2qooh
[CH2]OCCOO.O=O>>[O]OCOCCOO,[CH2]OCCOO.O=O,[O]OCOCCOO,qooh_to_o2qooh
[CH2]OCC(C)OO.O=O>>CC(COCO[O])OO,[CH2]OCC(C)OO.O=O,CC(COCO[O])OO,qooh_to_o2qooh
C[CH]OCCOO.O=O>>CC(O[O])OCCOO,C[CH]OCCOO.O=O,CC(O[O])OCCOO,qooh_to_o2qooh
C[CH]OCC(C)OO.O=O>>CC(COC(C)O[O])OO,C[CH]OCC(C)OO.O=O,CC(COC(C)O[O])OO,qooh_to_o2qooh
C[C](C)OCCOO.O=O>>CC(C)(O[O])OCCOO,C[C](C)OCCOO.O=O,CC(C)(O[O])OCCOO,qooh_to_o2qooh
[CH2]OCC(C)(C)OO.O=O>>CC(C)(COCO[O])OO,[CH2]OCC(C)(C)OO.O=O,CC(C)(COCO[O])OO,qooh_to_o2qooh
C[CH]OCC(C)(C)OO.O=O>>CC(O[O])OCC(C)(C)OO,C[CH]OCC(C)(C)OO.O=O,CC(O[O])OCC(C)(C)OO,qooh_to_o2qooh
C[C](C)OCC(C)OO.O=O>>CC(COC(C)(C)O[O])OO,C[C](C)OCC(C)OO.O=O,CC(COC(C)(C)O[O])OO,qooh_to_o2qooh
C[C](C)OCC(C)(C)OO.O=O>>CC(C)(COC(C)(C)O[O])OO,C[C](C)OCC(C)(C)OO.O=O,CC(C)(COC(C)(C)O[O])OO,qooh_to_o2qooh
CO[CH]CCCOO.O=O>>COC(CCCOO)O[O],CO[CH]CCCOO.O=O,COC(CCCOO)O[O],qooh_to_o2qooh
CO[CH]CCC(C)OO.O=O>>COC(CCC(C)OO)O[O],CO[CH]CCC(C)OO.O=O,COC(CCC(C)OO)O[O],qooh_to_o2qooh
CO[C](C)CCCOO.O=O>>COC(C)(CCCOO)O[O],CO[C](C)CCCOO.O=O,COC(C)(CCCOO)O[O],qooh_to_o2qooh
CO[C](C)CCC(C)OO.O=O>>COC(C)(CCC(C)OO)O[O],CO[C](C)CCC(C)OO.O=O,COC(C)(CCC(C)OO)O[O],qooh_to_o2qooh
CO[CH]CCC(C)(C)OO.O=O>>COC(CCC(C)(C)OO)O[O],CO[CH]CCC(C)(C)OO.O=O,COC(CCC(C)(C)OO)O[O],qooh_to_o2qooh
CO[C](C)CCC(C)(C)OO.O=O>>COC(C)(CCC(C)(C)OO)O[O],CO[C](C)CCC(C)(C)OO.O=O,COC(C)(CCC(C)(C)OO)O[O],qooh_to_o2qooh
[CH2]CCC(OC)OO.O=O>>COC(CCCO[O])OO,[CH2]CCC(OC)OO.O=O,COC(CCCO[O])OO,qooh_to_o2qooh
C[CH]CCC(OC)OO.O=O>>COC(CCC(C)O[O])OO,C[CH]CCC(OC)OO.O=O,COC(CCC(C)O[O])OO,qooh_to_o2qooh
[CH2]CCC(C)(OC)OO.O=O>>COC(C)(CCCO[O])OO,[CH2]CCC(C)(OC)OO.O=O,COC(C)(CCCO[O])OO,qooh_to_o2qooh
C[CH]CCC(C)(OC)OO.O=O>>COC(C)(CCC(C)O[O])OO,C[CH]CCC(C)(OC)OO.O=O,COC(C)(CCC(C)O[O])OO,qooh_to_o2qooh
COC(CC[C](C)C)OO.O=O>>COC(CCC(C)(C)O[O])OO,COC(CC[C](C)C)OO.O=O,COC(CCC(C)(C)O[O])OO,qooh_to_o2qooh
COC(C)(CC[C](C)C)OO.O=O>>COC(C)(CCC(C)(C)O[O])OO,COC(C)(CC[C](C)C)OO.O=O,COC(C)(CCC(C)(C)O[O])OO,qooh_to_o2qooh
[CH2]CCOCOO.O=O>>[O]OCCCOCOO,[CH2]CCOCOO.O=O,[O]OCCCOCOO,qooh_to_o2qooh
[CH2]CCOC(C)OO.O=O>>CC(OO)OCCCO[O],[CH2]CCOC(C)OO.O=O,CC(OO)OCCCO[O],qooh_to_o2qooh
C[CH]CCOCOO.O=O>>CC(CCOCOO)O[O],C[CH]CCOCOO.O=O,CC(CCOCOO)O[O],qooh_to_o2qooh
C[CH]CCOC(C)OO.O=O>>CC(CCOC(C)OO)O[O],C[CH]CCOC(C)OO.O=O,CC(CCOC(C)OO)O[O],qooh_to_o2qooh
C[C](C)CCOCOO.O=O>>CC(C)(CCOCOO)O[O],C[C](C)CCOCOO.O=O,CC(C)(CCOCOO)O[O],qooh_to_o2qooh
[CH2]CCOC(C)(C)OO.O=O>>CC(C)(OO)OCCCO[O],[CH2]CCOC(C)(C)OO.O=O,CC(C)(OO)OCCCO[O],qooh_to_o2qooh
C[CH]CCOC(C)(C)OO.O=O>>CC(CCOC(C)(C)OO)O[O],C[CH]CCOC(C)(C)OO.O=O,CC(CCOC(C)(C)OO)O[O],qooh_to_o2qooh
C[C](C)CCOC(C)OO.O=O>>CC(OO)OCCC(C)(C)O[O],C[C](C)CCOC(C)OO.O=O,CC(OO)OCCC(C)(C)O[O],qooh_to_o2qooh
C[C](C)CCOC(C)(C)OO.O=O>>CC(C)(CCOC(C)(C)OO)O[O],C[C](C)CCOC(C)(C)OO.O=O,CC(C)(CCOC(C)(C)OO)O[O],qooh_to_o2qooh
[CH2]COCCOO.O=O>>[O]OCCOCCOO,[CH2]COCCOO.O=O,[O]OCCOCCOO,qooh_to_o2qooh
[CH2]COCC(C)OO.O=O>>CC(COCCO[O])OO,[CH2]COCC(C)OO.O=O,CC(COCCO[O])OO,qooh_to_o2qooh
C[CH]COCCOO.O=O>>CC(COCCOO)O[O],C[CH]COCCOO.O=O,CC(COCCOO)O[O],qooh_to_o2qooh
C[CH]COCC(C)OO.O=O>>CC(COCC(C)OO)O[O],C[CH]COCC(C)OO.O=O,CC(COCC(C)OO)O[O],qooh_to_o2qooh
C[C](C)COCCOO.O=O>>CC(C)(COCCOO)O[O],C[C](C)COCCOO.O=O,CC(C)(COCCOO)O[O],qooh_to_o2qooh
[CH2]COCC(C)(C)OO.O=O>>CC(C)(COCCO[O])OO,[CH2]COCC(C)(C)OO.O=O,CC(C)(COCCO[O])OO,qooh_to_o2qooh
C[CH]COCC(C)(C)OO.O=O>>CC(COCC(C)(C)OO)O[O],C[CH]COCC(C)(C)OO.O=O,CC(COCC(C)(C)OO)O[O],qooh_to_o2qooh
C[C](C)COCC(C)OO.O=O>>CC(COCC(C)(C)O[O])OO,C[C](C)COCC(C)OO.O=O,CC(COCC(C)(C)O[O])OO,qooh_to_o2qooh
C[C](C)COCC(C)(C)OO.O=O>>CC(C)(COCC(C)(C)OO)O[O],C[C](C)COCC(C)(C)OO.O=O,CC(C)(COCC(C)(C)OO)O[O],qooh_to_o2qooh
[CH2]OCCCOO.O=O>>[O]OCOCCCOO,[CH2]OCCCOO.O=O,[O]OCOCCCOO,qooh_to_o2qooh
[CH2]OCCC(C)OO.O=O>>CC(CCOCO[O])OO,[CH2]OCCC(C)OO.O=O,CC(CCOCO[O])OO,qooh_to_o2qooh
C[CH]OCCCOO.O=O>>CC(O[O])OCCCOO,C[CH]OCCCOO.O=O,CC(O[O])OCCCOO,qooh_to_o2qooh
C[CH]OCCC(C)OO.O=O>>CC(CCOC(C)O[O])OO,C[CH]OCCC(C)OO.O=O,CC(CCOC(C)O[O])OO,qooh_to_o2qooh
C[C](C)OCCCOO.O=O>>CC(C)(O[O])OCCCOO,C[C](C)OCCCOO.O=O,CC(C)(O[O])OCCCOO,qooh_to_o2qooh
[CH2]OCCC(C)(C)OO.O=O>>CC(C)(CCOCO[O])OO,[CH2]OCCC(C)(C)OO.O=O,CC(C)(CCOCO[O])OO,qooh_to_o2qooh
C[CH]OCCC(C)(C)OO.O=O>>CC(O[O])OCCC(C)(C)OO,C[CH]OCCC(C)(C)OO.O=O,CC(O[O])OCCC(C)(C)OO,qooh_to_o2qooh
C[C](C)OCCC(C)OO.O=O>>CC(CCOC(C)(C)O[O])OO,C[C](C)OCCC(C)OO.O=O,CC(CCOC(C)(C)O[O])OO,qooh_to_o2qooh
C[C](C)OCCC(C)(C)OO.O=O>>CC(C)(CCOC(C)(C)O[O])OO,C[C](C)OCCC(C)(C)OO.O=O,CC(C)(CCOC(C)(C)O[O])OO,qooh_to_o2qooh
CO[CH]CCCCOO.O=O>>COC(CCCCOO)O[O],CO[CH]CCCCOO.O=O,COC(CCCCOO)O[O],qooh_to_o2qooh
CO[CH]CCCC(C)OO.O=O>>COC(CCCC(C)OO)O[O],CO[CH]CCCC(C)OO.O=O,COC(CCCC(C)OO)O[O],qooh_to_o2qooh
CO[C](C)CCCCOO.O=O>>COC(C)(CCCCOO)O[O],CO[C](C)CCCCOO.O=O,COC(C)(CCCCOO)O[O],qooh_to_o2qooh
CO[C](C)CCCC(C)OO.O=O>>COC(C)(CCCC(C)OO)O[O],CO[C](C)CCCC(C)OO.O=O,COC(C)(CCCC(C)OO)O[O],qooh_to_o2qooh
CO[CH]CCCC(C)(C)OO.O=O>>COC(CCCC(C)(C)OO)O[O],CO[CH]CCCC(C)(C)OO.O=O,COC(CCCC(C)(C)OO)O[O],qooh_to_o2qooh
CO[C](C)CCCC(C)(C)OO.O=O>>COC(C)(CCCC(C)(C)OO)O[O],CO[C](C)CCCC(C)(C)OO.O=O,COC(C)(CCCC(C)(C)OO)O[O],qooh_to_o2qooh
[CH2]CCCC(OC)OO.O=O>>COC(CCCCO[O])OO,[CH2]CCCC(OC)OO.O=O,COC(CCCCO[O])OO,qooh_to_o2qooh
C[CH]CCCC(OC)OO.O=O>>COC(CCCC(C)O[O])OO,C[CH]CCCC(OC)OO.O=O,COC(CCCC(C)O[O])OO,qooh_to_o2qooh
[CH2]CCCC(C)(OC)OO.O=O>>COC(C)(CCCCO[O])OO,[CH2]CCCC(C)(OC)OO.O=O,COC(C)(CCCCO[O])OO,qooh_to_o2qooh
C[CH]CCCC(C)(OC)OO.O=O>>COC(C)(CCCC(C)O[O])OO,C[CH]CCCC(C)(OC)OO.O=O,COC(C)(CCCC(C)O[O])OO,qooh_to_o2qooh
COC(C)(CCC[C](C)C)OO.O=O>>COC(C)(CCCC(C)(C)O[O])OO,COC(C)(CCC[C](C)C)OO.O=O,COC(C)(CCCC(C)(C)O[O])OO,qooh_to_o2qooh
COC(CCC[C](C)C)OO.O=O>>COC(CCCC(C)(C)O[O])OO,COC(CCC[C](C)C)OO.O=O,COC(CCCC(C)(C)O[O])OO,qooh_to_o2qooh
COC(CO[O])OO>>COC(=O)COO.[OH],COC(CO[O])OO,COC(=O)COO.[OH],KHP_formation
COC(COO)O[O]>>COC(C=O)OO.[OH],COC(COO)O[O],COC(C=O)OO.[OH],KHP_formation
COC(C)(COO)O[O]>>COC(C)(C=O)OO.[OH],COC(C)(COO)O[O],COC(C)(C=O)OO.[OH],KHP_formation
COC(OO)C(C)O[O]>>COC(=O)C(C)OO.[OH],COC(OO)C(C)O[O],COC(=O)C(C)OO.[OH],KHP_formation
COC(O[O])C(C)OO>>COC(OO)C(C)=O.[OH],COC(O[O])C(C)OO,COC(OO)C(C)=O.[OH],KHP_formation
COCC(CO[O])OO>>COCC(=O)COO.[OH],COCC(CO[O])OO,COCC(=O)COO.[OH],KHP_formation
COC(OO)C(C)(C)O[O]>>COC(=O)C(C)(C)OO.[OH],COC(OO)C(C)(C)O[O],COC(=O)C(C)(C)OO.[OH],KHP_formation
COC(C)C(CO[O])OO>>COC(C)C(=O)COO.[OH],COC(C)C(CO[O])OO,COC(C)C(=O)COO.[OH],KHP_formation
COC(C)(O[O])C(C)OO>>COC(C)(OO)C(C)=O.[OH],COC(C)(O[O])C(C)OO,COC(C)(OO)C(C)=O.[OH],KHP_formation
[O]OCOCOO>>O=COCOO.[OH],[O]OCOCOO,O=COCOO.[OH],KHP_formation
CC(O[O])OCOO>>CC(OO)OC=O.[OH],CC(O[O])OCOO,CC(OO)OC=O.[OH],KHP_formation
CC(OO)OCO[O]>>CC(=O)OCOO.[OH],CC(OO)OCO[O],CC(=O)OCOO.[OH],KHP_formation
CC(C)(O[O])OCOO>>CC(C)(OO)OC=O.[OH],CC(C)(O[O])OCOO,CC(C)(OO)OC=O.[OH],KHP_formation
CC(O[O])OC(C)OO>>CC(=O)OC(C)OO.[OH],CC(O[O])OC(C)OO,CC(=O)OC(C)OO.[OH],KHP_formation
CC(OO)OC(C)(C)O[O]>>CC(=O)OC(C)(C)OO.[OH],CC(OO)OC(C)(C)O[O],CC(=O)OC(C)(C)OO.[OH],KHP_formation
COC(CCOO)O[O]>>COC(CC=O)OO.[OH],COC(CCOO)O[O],COC(CC=O)OO.[OH],KHP_formation
COC(C)(CCOO)O[O]>>COC(C)(CC=O)OO.[OH],COC(C)(CCOO)O[O],COC(C)(CC=O)OO.[OH],KHP_formation
COC(CC(C)OO)O[O]>>COC(CC(C)=O)OO.[OH],COC(CC(C)OO)O[O],COC(CC(C)=O)OO.[OH],KHP_formation
COC(C)(CC(C)OO)O[O]>>COC(C)(CC(C)=O)OO.[OH],COC(C)(CC(C)OO)O[O],COC(C)(CC(C)=O)OO.[OH],KHP_formation
COC(CCO[O])OO>>COC(=O)CCOO.[OH],COC(CCO[O])OO,COC(=O)CCOO.[OH],KHP_formation
COC(CC(C)O[O])OO>>COC(=O)CC(C)OO.[OH],COC(CC(C)O[O])OO,COC(=O)CC(C)OO.[OH],KHP_formation
COC(CC(C)(C)O[O])OO>>COC(=O)CC(C)(C)OO.[OH],COC(CC(C)(C)O[O])OO,COC(=O)CC(C)(C)OO.[OH],KHP_formation
[O]OCCOCOO>>O=COCCOO.[OH],[O]OCCOCOO,O=COCCOO.[OH],KHP_formation
CC(OO)OCCO[O]>>CC(=O)OCCOO.[OH],CC(OO)OCCO[O],CC(=O)OCCOO.[OH],KHP_formation
CC(COCOO)O[O]>>CC(COC=O)OO.[OH],CC(COCOO)O[O],CC(COC=O)OO.[OH],KHP_formation
CC(COC(C)OO)O[O]>>CC(=O)OCC(C)OO.[OH],CC(COC(C)OO)O[O],CC(=O)OCC(C)OO.[OH],KHP_formation
CC(C)(COCOO)O[O]>>CC(C)(COC=O)OO.[OH],CC(C)(COCOO)O[O],CC(C)(COC=O)OO.[OH],KHP_formation
CC(OO)OCC(C)(C)O[O]>>CC(=O)OCC(C)(C)OO.[OH],CC(OO)OCC(C)(C)O[O],CC(=O)OCC(C)(C)OO.[OH],KHP_formation
[O]OCOCCOO>>O=CCOCOO.[OH],[O]OCOCCOO,O=CCOCOO.[OH],KHP_formation
CC(COCO[O])OO>>CC(=O)COCOO.[OH],CC(COCO[O])OO,CC(=O)COCOO.[OH],KHP_formation
CC(O[O])OCCOO>>CC(OO)OCC=O.[OH],CC(O[O])OCCOO,CC(OO)OCC=O.[OH],KHP_formation
CC(COC(C)O[O])OO>>CC(=O)COC(C)OO.[OH],CC(COC(C)O[O])OO,CC(=O)COC(C)OO.[OH],KHP_formation
CC(C)(O[O])OCCOO>>CC(C)(OO)OCC=O.[OH],CC(C)(O[O])OCCOO,CC(C)(OO)OCC=O.[OH],KHP_formation
CC(COC(C)(C)O[O])OO>>CC(=O)COC(C)(C)OO.[OH],CC(COC(C)(C)O[O])OO,CC(=O)COC(C)(C)OO.[OH],KHP_formation
COC(CCCOO)O[O]>>COC(CCC=O)OO.[OH],COC(CCCOO)O[O],COC(CCC=O)OO.[OH],KHP_formation
COC(CCC(C)OO)O[O]>>COC(CCC(C)=O)OO.[OH],COC(CCC(C)OO)O[O],COC(CCC(C)=O)OO.[OH],KHP_formation
COC(C)(CCCOO)O[O]>>COC(C)(CCC=O)OO.[OH],COC(C)(CCCOO)O[O],COC(C)(CCC=O)OO.[OH],KHP_formation
COC(C)(CCC(C)OO)O[O]>>COC(C)(CCC(C)=O)OO.[OH],COC(C)(CCC(C)OO)O[O],COC(C)(CCC(C)=O)OO.[OH],KHP_formation
COC(CCCO[O])OO>>COC(=O)CCCOO.[OH],COC(CCCO[O])OO,COC(=O)CCCOO.[OH],KHP_formation
COC(CCC(C)O[O])OO>>COC(=O)CCC(C)OO.[OH],COC(CCC(C)O[O])OO,COC(=O)CCC(C)OO.[OH],KHP_formation
COC(CCC(C)(C)O[O])OO>>COC(=O)CCC(C)(C)OO.[OH],COC(CCC(C)(C)O[O])OO,COC(=O)CCC(C)(C)OO.[OH],KHP_formation
[O]OCCCOCOO>>O=COCCCOO.[OH],[O]OCCCOCOO,O=COCCCOO.[OH],KHP_formation
CC(OO)OCCCO[O]>>CC(=O)OCCCOO.[OH],CC(OO)OCCCO[O],CC(=O)OCCCOO.[OH],KHP_formation
CC(CCOCOO)O[O]>>CC(CCOC=O)OO.[OH],CC(CCOCOO)O[O],CC(CCOC=O)OO.[OH],KHP_formation
CC(CCOC(C)OO)O[O]>>CC(=O)OCCC(C)OO.[OH],CC(CCOC(C)OO)O[O],CC(=O)OCCC(C)OO.[OH],KHP_formation
CC(C)(CCOCOO)O[O]>>CC(C)(CCOC=O)OO.[OH],CC(C)(CCOCOO)O[O],CC(C)(CCOC=O)OO.[OH],KHP_formation
CC(OO)OCCC(C)(C)O[O]>>CC(=O)OCCC(C)(C)OO.[OH],CC(OO)OCCC(C)(C)O[O],CC(=O)OCCC(C)(C)OO.[OH],KHP_formation
[O]OCCOCCOO>>O=CCOCCOO.[OH],[O]OCCOCCOO,O=CCOCCOO.[OH],KHP_formation
CC(COCCO[O])OO>>CC(=O)COCCOO.[OH],CC(COCCO[O])OO,CC(=O)COCCOO.[OH],KHP_formation
CC(COCCOO)O[O]>>CC(COCC=O)OO.[OH],CC(COCCOO)O[O],CC(COCC=O)OO.[OH],KHP_formation
CC(COCC(C)OO)O[O]>>CC(=O)COCC(C)OO.[OH],CC(COCC(C)OO)O[O],CC(=O)COCC(C)OO.[OH],KHP_formation
CC(C)(COCCOO)O[O]>>CC(C)(COCC=O)OO.[OH],CC(C)(COCCOO)O[O],CC(C)(COCC=O)OO.[OH],KHP_formation
CC(COCC(C)(C)O[O])OO>>CC(=O)COCC(C)(C)OO.[OH],CC(COCC(C)(C)O[O])OO,CC(=O)COCC(C)(C)OO.[OH],KHP_formation
[O]OCOCCCOO>>O=CCCOCOO.[OH],[O]OCOCCCOO,O=CCCOCOO.[OH],KHP_formation
CC(CCOCO[O])OO>>CC(=O)CCOCOO.[OH],CC(CCOCO[O])OO,CC(=O)CCOCOO.[OH],KHP_formation
CC(O[O])OCCCOO>>CC(OO)OCCC=O.[OH],CC(O[O])OCCCOO,CC(OO)OCCC=O.[OH],KHP_formation
CC(CCOC(C)O[O])OO>>CC(=O)CCOC(C)OO.[OH],CC(CCOC(C)O[O])OO,CC(=O)CCOC(C)OO.[OH],KHP_formation
CC(C)(O[O])OCCCOO>>CC(C)(OO)OCCC=O.[OH],CC(C)(O[O])OCCCOO,CC(C)(OO)OCCC=O.[OH],KHP_formation
CC(CCOC(C)(C)O[O])OO>>CC(=O)CCOC(C)(C)OO.[OH],CC(CCOC(C)(C)O[O])OO,CC(=O)CCOC(C)(C)OO.[OH],KHP_formation
COC(CCCCOO)O[O]>>COC(CCCC=O)OO.[OH],COC(CCCCOO)O[O],COC(CCCC=O)OO.[OH],KHP_formation
COC(CCCC(C)OO)O[O]>>COC(CCCC(C)=O)OO.[OH],COC(CCCC(C)OO)O[O],COC(CCCC(C)=O)OO.[OH],KHP_formation
COC(C)(CCCCOO)O[O]>>COC(C)(CCCC=O)OO.[OH],COC(C)(CCCCOO)O[O],COC(C)(CCCC=O)OO.[OH],KHP_formation
COC(C)(CCCC(C)OO)O[O]>>COC(C)(CCCC(C)=O)OO.[OH],COC(C)(CCCC(C)OO)O[O],COC(C)(CCCC(C)=O)OO.[OH],KHP_formation
COC(CCCCO[O])OO>>COC(=O)CCCCOO.[OH],COC(CCCCO[O])OO,COC(=O)CCCCOO.[OH],KHP_formation
COC(CCCC(C)O[O])OO>>COC(=O)CCCC(C)OO.[OH],COC(CCCC(C)O[O])OO,COC(=O)CCCC(C)OO.[OH],KHP_formation
COC(CCCC(C)(C)O[O])OO>>COC(=O)CCCC(C)(C)OO.[OH],COC(CCCC(C)(C)O[O])OO,COC(=O)CCCC(C)(C)OO.[OH],KHP_formation
